tube,V_ctl,R_DS,x,absVd,phase_Vd_deg,abs_n_diff,phase_n_diff_deg,demod_dc_mV
IV-6,-0.0000,151.52,0.09520,0.15897,-95.44,0.039403,-95.44,-2.3773
IV-6,-0.0037,151.89,0.09544,0.15937,-95.45,0.039501,-95.45,-2.3892
IV-6,-0.0075,152.28,0.09568,0.15976,-95.47,0.039600,-95.47,-2.4011
IV-6,-0.0112,152.66,0.09592,0.16016,-95.48,0.039699,-95.48,-2.4131
IV-6,-0.0150,153.05,0.09616,0.16056,-95.49,0.039798,-95.49,-2.4252
IV-6,-0.0187,153.43,0.09640,0.16097,-95.51,0.039898,-95.51,-2.4373
IV-6,-0.0225,153.82,0.09665,0.16137,-95.52,0.039998,-95.52,-2.4496
IV-6,-0.0262,154.21,0.09690,0.16178,-95.53,0.040099,-95.53,-2.4620
IV-6,-0.0300,154.61,0.09714,0.16219,-95.55,0.040200,-95.55,-2.4744
IV-6,-0.0338,155.00,0.09739,0.16260,-95.56,0.040302,-95.56,-2.4870
IV-6,-0.0375,155.40,0.09764,0.16301,-95.58,0.040404,-95.58,-2.4997
IV-6,-0.0413,155.80,0.09789,0.16342,-95.59,0.040507,-95.59,-2.5124
IV-6,-0.0450,156.20,0.09814,0.16384,-95.61,0.040611,-95.61,-2.5252
IV-6,-0.0488,156.60,0.09840,0.16426,-95.62,0.040715,-95.62,-2.5382
IV-6,-0.0525,157.01,0.09865,0.16468,-95.63,0.040819,-95.63,-2.5512
IV-6,-0.0563,157.42,0.09891,0.16511,-95.65,0.040924,-95.65,-2.5644
IV-6,-0.0600,157.83,0.09917,0.16553,-95.66,0.041030,-95.66,-2.5776
IV-6,-0.0638,158.24,0.09943,0.16596,-95.68,0.041136,-95.68,-2.5910
IV-6,-0.0675,158.65,0.09969,0.16639,-95.69,0.041242,-95.69,-2.6044
IV-6,-0.0712,159.07,0.09995,0.16682,-95.71,0.041349,-95.71,-2.6180
IV-6,-0.0750,159.49,0.10021,0.16726,-95.72,0.041457,-95.72,-2.6316
IV-6,-0.0788,159.91,0.10047,0.16769,-95.74,0.041566,-95.74,-2.6454
IV-6,-0.0825,160.33,0.10074,0.16813,-95.75,0.041674,-95.75,-2.6593
IV-6,-0.0862,160.76,0.10101,0.16857,-95.77,0.041784,-95.77,-2.6732
IV-6,-0.0900,161.19,0.10128,0.16902,-95.78,0.041894,-95.78,-2.6873
IV-6,-0.0938,161.62,0.10155,0.16946,-95.80,0.042004,-95.80,-2.7015
IV-6,-0.0975,162.05,0.10182,0.16991,-95.81,0.042116,-95.81,-2.7159
IV-6,-0.1013,162.48,0.10209,0.17036,-95.83,0.042227,-95.83,-2.7303
IV-6,-0.1050,162.92,0.10237,0.17082,-95.84,0.042340,-95.84,-2.7448
IV-6,-0.1087,163.36,0.10264,0.17127,-95.86,0.042453,-95.86,-2.7595
IV-6,-0.1125,163.80,0.10292,0.17173,-95.88,0.042566,-95.88,-2.7743
IV-6,-0.1163,164.24,0.10320,0.17219,-95.89,0.042680,-95.89,-2.7892
IV-6,-0.1200,164.69,0.10348,0.17265,-95.91,0.042795,-95.91,-2.8042
IV-6,-0.1237,165.14,0.10376,0.17312,-95.92,0.042910,-95.92,-2.8193
IV-6,-0.1275,165.59,0.10404,0.17359,-95.94,0.043026,-95.94,-2.8346
IV-6,-0.1313,166.04,0.10433,0.17406,-95.96,0.043143,-95.96,-2.8500
IV-6,-0.1350,166.50,0.10462,0.17453,-95.97,0.043260,-95.97,-2.8655
IV-6,-0.1388,166.96,0.10490,0.17501,-95.99,0.043378,-95.99,-2.8811
IV-6,-0.1425,167.42,0.10519,0.17548,-96.01,0.043497,-96.01,-2.8969
IV-6,-0.1462,167.88,0.10548,0.17597,-96.02,0.043616,-96.02,-2.9128
IV-6,-0.1500,168.35,0.10578,0.17645,-96.04,0.043736,-96.04,-2.9288
IV-6,-0.1537,168.82,0.10607,0.17693,-96.05,0.043856,-96.05,-2.9450
IV-6,-0.1575,169.29,0.10637,0.17742,-96.07,0.043977,-96.07,-2.9613
IV-6,-0.1613,169.76,0.10667,0.17792,-96.09,0.044099,-96.09,-2.9777
IV-6,-0.1650,170.24,0.10697,0.17841,-96.11,0.044221,-96.11,-2.9943
IV-6,-0.1688,170.72,0.10727,0.17891,-96.12,0.044345,-96.12,-3.0110
IV-6,-0.1725,171.20,0.10757,0.17941,-96.14,0.044468,-96.14,-3.0278
IV-6,-0.1762,171.69,0.10788,0.17991,-96.16,0.044593,-96.16,-3.0448
IV-6,-0.1800,172.18,0.10818,0.18041,-96.17,0.044718,-96.17,-3.0619
IV-6,-0.1837,172.67,0.10849,0.18092,-96.19,0.044844,-96.19,-3.0792
IV-6,-0.1875,173.16,0.10880,0.18143,-96.21,0.044971,-96.21,-3.0966
IV-6,-0.1913,173.66,0.10911,0.18195,-96.23,0.045098,-96.23,-3.1141
IV-6,-0.1950,174.16,0.10943,0.18246,-96.24,0.045226,-96.24,-3.1319
IV-6,-0.1988,174.66,0.10974,0.18298,-96.26,0.045355,-96.26,-3.1497
IV-6,-0.2025,175.16,0.11006,0.18350,-96.28,0.045484,-96.28,-3.1677
IV-6,-0.2062,175.67,0.11038,0.18403,-96.30,0.045615,-96.30,-3.1859
IV-6,-0.2100,176.18,0.11070,0.18456,-96.32,0.045746,-96.32,-3.2042
IV-6,-0.2137,176.69,0.11102,0.18509,-96.34,0.045877,-96.34,-3.2227
IV-6,-0.2175,177.21,0.11134,0.18562,-96.35,0.046010,-96.35,-3.2414
IV-6,-0.2213,177.73,0.11167,0.18616,-96.37,0.046143,-96.37,-3.2602
IV-6,-0.2250,178.25,0.11200,0.18670,-96.39,0.046277,-96.39,-3.2791
IV-6,-0.2288,178.78,0.11233,0.18725,-96.41,0.046412,-96.41,-3.2983
IV-6,-0.2325,179.31,0.11266,0.18779,-96.43,0.046548,-96.43,-3.3176
IV-6,-0.2362,179.84,0.11300,0.18834,-96.45,0.046684,-96.45,-3.3370
IV-6,-0.2400,180.38,0.11333,0.18890,-96.47,0.046821,-96.47,-3.3567
IV-6,-0.2437,180.91,0.11367,0.18945,-96.49,0.046959,-96.49,-3.3765
IV-6,-0.2475,181.46,0.11401,0.19001,-96.50,0.047098,-96.50,-3.3965
IV-6,-0.2512,182.00,0.11435,0.19058,-96.52,0.047238,-96.52,-3.4166
IV-6,-0.2550,182.55,0.11470,0.19114,-96.54,0.047378,-96.54,-3.4370
IV-6,-0.2587,183.10,0.11505,0.19171,-96.56,0.047519,-96.56,-3.4575
IV-6,-0.2625,183.65,0.11539,0.19229,-96.58,0.047661,-96.58,-3.4782
IV-6,-0.2662,184.21,0.11574,0.19286,-96.60,0.047804,-96.60,-3.4991
IV-6,-0.2700,184.77,0.11610,0.19344,-96.62,0.047948,-96.62,-3.5202
IV-6,-0.2737,185.34,0.11645,0.19403,-96.64,0.048093,-96.64,-3.5415
IV-6,-0.2775,185.91,0.11681,0.19462,-96.66,0.048238,-96.66,-3.5629
IV-6,-0.2812,186.48,0.11717,0.19521,-96.68,0.048385,-96.68,-3.5846
IV-6,-0.2850,187.06,0.11753,0.19580,-96.70,0.048532,-96.70,-3.6065
IV-6,-0.2888,187.63,0.11789,0.19640,-96.72,0.048680,-96.72,-3.6285
IV-6,-0.2925,188.22,0.11826,0.19700,-96.74,0.048829,-96.74,-3.6508
IV-6,-0.2963,188.80,0.11863,0.19761,-96.77,0.048979,-96.77,-3.6732
IV-6,-0.3000,189.39,0.11900,0.19821,-96.79,0.049130,-96.79,-3.6959
IV-6,-0.3038,189.99,0.11937,0.19883,-96.81,0.049282,-96.81,-3.7188
IV-6,-0.3075,190.59,0.11975,0.19944,-96.83,0.049435,-96.83,-3.7419
IV-6,-0.3113,191.19,0.12013,0.20006,-96.85,0.049589,-96.85,-3.7652
IV-6,-0.3150,191.79,0.12051,0.20069,-96.87,0.049743,-96.87,-3.7887
IV-6,-0.3187,192.40,0.12089,0.20132,-96.89,0.049899,-96.89,-3.8125
IV-6,-0.3225,193.01,0.12127,0.20195,-96.91,0.050056,-96.91,-3.8364
IV-6,-0.3262,193.63,0.12166,0.20258,-96.94,0.050213,-96.94,-3.8606
IV-6,-0.3300,194.25,0.12205,0.20322,-96.96,0.050372,-96.96,-3.8851
IV-6,-0.3337,194.87,0.12244,0.20387,-96.98,0.050531,-96.98,-3.9097
IV-6,-0.3375,195.50,0.12284,0.20451,-97.00,0.050692,-97.00,-3.9346
IV-6,-0.3412,196.14,0.12324,0.20517,-97.03,0.050854,-97.03,-3.9597
IV-6,-0.3450,196.77,0.12364,0.20582,-97.05,0.051016,-97.05,-3.9851
IV-6,-0.3488,197.41,0.12404,0.20648,-97.07,0.051180,-97.07,-4.0107
IV-6,-0.3525,198.06,0.12444,0.20715,-97.09,0.051345,-97.09,-4.0366
IV-6,-0.3563,198.71,0.12485,0.20782,-97.12,0.051510,-97.12,-4.0627
IV-6,-0.3600,199.36,0.12526,0.20849,-97.14,0.051677,-97.14,-4.0890
IV-6,-0.3638,200.02,0.12568,0.20917,-97.16,0.051845,-97.16,-4.1156
IV-6,-0.3675,200.68,0.12609,0.20985,-97.19,0.052014,-97.19,-4.1425
IV-6,-0.3713,201.35,0.12651,0.21053,-97.21,0.052184,-97.21,-4.1697
IV-6,-0.3750,202.02,0.12693,0.21123,-97.23,0.052355,-97.23,-4.1971
IV-6,-0.3787,202.70,0.12736,0.21192,-97.26,0.052528,-97.26,-4.2247
IV-6,-0.3825,203.38,0.12778,0.21262,-97.28,0.052701,-97.28,-4.2527
IV-6,-0.3862,204.06,0.12822,0.21332,-97.31,0.052876,-97.31,-4.2809
IV-6,-0.3900,204.75,0.12865,0.21403,-97.33,0.053051,-97.33,-4.3094
IV-6,-0.3937,205.44,0.12908,0.21475,-97.36,0.053228,-97.36,-4.3382
IV-6,-0.3975,206.14,0.12952,0.21547,-97.38,0.053406,-97.38,-4.3673
IV-6,-0.4012,206.85,0.12997,0.21619,-97.40,0.053586,-97.40,-4.3966
IV-6,-0.4050,207.56,0.13041,0.21692,-97.43,0.053766,-97.43,-4.4263
IV-6,-0.4088,208.27,0.13086,0.21765,-97.46,0.053948,-97.46,-4.4563
IV-6,-0.4125,208.99,0.13131,0.21839,-97.48,0.054131,-97.48,-4.4865
IV-6,-0.4163,209.71,0.13176,0.21913,-97.51,0.054315,-97.51,-4.5171
IV-6,-0.4200,210.44,0.13222,0.21988,-97.53,0.054500,-97.53,-4.5480
IV-6,-0.4238,211.17,0.13268,0.22063,-97.56,0.054687,-97.56,-4.5792
IV-6,-0.4275,211.91,0.13315,0.22139,-97.58,0.054875,-97.58,-4.6107
IV-6,-0.4313,212.65,0.13361,0.22215,-97.61,0.055064,-97.61,-4.6425
IV-6,-0.4350,213.40,0.13408,0.22292,-97.64,0.055254,-97.64,-4.6747
IV-6,-0.4387,214.16,0.13456,0.22369,-97.66,0.055446,-97.66,-4.7072
IV-6,-0.4425,214.92,0.13504,0.22447,-97.69,0.055639,-97.69,-4.7401
IV-6,-0.4462,215.68,0.13552,0.22526,-97.72,0.055834,-97.72,-4.7732
IV-6,-0.4500,216.45,0.13600,0.22605,-97.74,0.056029,-97.74,-4.8068
IV-6,-0.4537,217.23,0.13649,0.22684,-97.77,0.056227,-97.77,-4.8407
IV-6,-0.4575,218.01,0.13698,0.22764,-97.80,0.056425,-97.80,-4.8749
IV-6,-0.4612,218.79,0.13747,0.22845,-97.83,0.056625,-97.83,-4.9095
IV-6,-0.4650,219.59,0.13797,0.22926,-97.86,0.056826,-97.86,-4.9445
IV-6,-0.4688,220.39,0.13847,0.23008,-97.88,0.057029,-97.88,-4.9798
IV-6,-0.4725,221.19,0.13898,0.23090,-97.91,0.057233,-97.91,-5.0156
IV-6,-0.4763,222.00,0.13949,0.23173,-97.94,0.057439,-97.94,-5.0517
IV-6,-0.4800,222.82,0.14000,0.23257,-97.97,0.057646,-97.97,-5.0882
IV-6,-0.4838,223.64,0.14052,0.23341,-98.00,0.057855,-98.00,-5.1251
IV-6,-0.4875,224.47,0.14104,0.23426,-98.03,0.058065,-98.03,-5.1624
IV-6,-0.4913,225.30,0.14156,0.23511,-98.06,0.058276,-98.06,-5.2001
IV-6,-0.4950,226.14,0.14209,0.23597,-98.09,0.058490,-98.09,-5.2382
IV-6,-0.4988,226.99,0.14262,0.23684,-98.12,0.058704,-98.12,-5.2767
IV-6,-0.5025,227.84,0.14316,0.23771,-98.15,0.058921,-98.15,-5.3156
IV-6,-0.5062,228.70,0.14370,0.23859,-98.18,0.059138,-98.18,-5.3550
IV-6,-0.5100,229.57,0.14424,0.23948,-98.21,0.059358,-98.21,-5.3948
IV-6,-0.5138,230.44,0.14479,0.24037,-98.24,0.059579,-98.24,-5.4351
IV-6,-0.5175,231.32,0.14534,0.24127,-98.27,0.059802,-98.27,-5.4758
IV-6,-0.5212,232.21,0.14590,0.24217,-98.30,0.060026,-98.30,-5.5170
IV-6,-0.5250,233.10,0.14646,0.24308,-98.33,0.060252,-98.33,-5.5586
IV-6,-0.5288,234.00,0.14703,0.24400,-98.36,0.060480,-98.36,-5.6007
IV-6,-0.5325,234.91,0.14760,0.24493,-98.40,0.060709,-98.40,-5.6433
IV-6,-0.5363,235.82,0.14817,0.24586,-98.43,0.060940,-98.43,-5.6863
IV-6,-0.5400,236.74,0.14875,0.24680,-98.46,0.061173,-98.46,-5.7299
IV-6,-0.5437,237.67,0.14933,0.24775,-98.49,0.061408,-98.49,-5.7739
IV-6,-0.5475,238.61,0.14992,0.24870,-98.53,0.061644,-98.53,-5.8185
IV-6,-0.5513,239.55,0.15051,0.24966,-98.56,0.061883,-98.56,-5.8635
IV-6,-0.5550,240.50,0.15111,0.25063,-98.59,0.062123,-98.59,-5.9091
IV-6,-0.5587,241.46,0.15171,0.25161,-98.63,0.062365,-98.63,-5.9552
IV-6,-0.5625,242.42,0.15232,0.25259,-98.66,0.062608,-98.66,-6.0019
IV-6,-0.5663,243.40,0.15293,0.25358,-98.69,0.062854,-98.69,-6.0491
IV-6,-0.5700,244.38,0.15355,0.25458,-98.73,0.063102,-98.73,-6.0969
IV-6,-0.5737,245.37,0.15417,0.25559,-98.76,0.063351,-98.76,-6.1452
IV-6,-0.5775,246.37,0.15480,0.25660,-98.80,0.063603,-98.80,-6.1941
IV-6,-0.5813,247.37,0.15543,0.25763,-98.83,0.063856,-98.83,-6.2435
IV-6,-0.5850,248.39,0.15607,0.25866,-98.87,0.064112,-98.87,-6.2936
IV-6,-0.5887,249.41,0.15671,0.25969,-98.91,0.064369,-98.91,-6.3443
IV-6,-0.5925,250.44,0.15736,0.26074,-98.94,0.064629,-98.94,-6.3955
IV-6,-0.5962,251.48,0.15801,0.26180,-98.98,0.064891,-98.98,-6.4474
IV-6,-0.6000,252.53,0.15867,0.26286,-99.02,0.065154,-99.02,-6.4999
IV-6,-0.6038,253.58,0.15933,0.26393,-99.05,0.065420,-99.05,-6.5531
IV-6,-0.6075,254.65,0.16000,0.26502,-99.09,0.065688,-99.09,-6.6069
IV-6,-0.6112,255.72,0.16067,0.26611,-99.13,0.065958,-99.13,-6.6614
IV-6,-0.6150,256.81,0.16136,0.26720,-99.17,0.066231,-99.17,-6.7165
IV-6,-0.6188,257.90,0.16204,0.26831,-99.20,0.066505,-99.20,-6.7723
IV-6,-0.6225,259.00,0.16273,0.26943,-99.24,0.066782,-99.24,-6.8288
IV-6,-0.6262,260.11,0.16343,0.27056,-99.28,0.067062,-99.28,-6.8860
IV-6,-0.6300,261.23,0.16414,0.27169,-99.32,0.067343,-99.32,-6.9440
IV-6,-0.6338,262.36,0.16485,0.27284,-99.36,0.067627,-99.36,-7.0026
IV-6,-0.6375,263.50,0.16556,0.27399,-99.40,0.067913,-99.40,-7.0620
IV-6,-0.6412,264.66,0.16629,0.27516,-99.44,0.068202,-99.44,-7.1222
IV-6,-0.6450,265.82,0.16702,0.27633,-99.48,0.068493,-99.48,-7.1831
IV-6,-0.6488,266.99,0.16775,0.27751,-99.52,0.068786,-99.52,-7.2448
IV-6,-0.6525,268.17,0.16850,0.27871,-99.56,0.069082,-99.56,-7.3073
IV-6,-0.6562,269.36,0.16924,0.27991,-99.61,0.069381,-99.61,-7.3705
IV-6,-0.6600,270.56,0.17000,0.28113,-99.65,0.069682,-99.65,-7.4346
IV-6,-0.6637,271.78,0.17076,0.28235,-99.69,0.069985,-99.69,-7.4996
IV-6,-0.6675,273.00,0.17153,0.28359,-99.73,0.070292,-99.73,-7.5654
IV-6,-0.6713,274.24,0.17231,0.28483,-99.78,0.070601,-99.78,-7.6320
IV-6,-0.6750,275.48,0.17309,0.28609,-99.82,0.070912,-99.82,-7.6995
IV-6,-0.6787,276.74,0.17388,0.28736,-99.86,0.071226,-99.86,-7.7679
IV-6,-0.6825,278.01,0.17468,0.28864,-99.91,0.071544,-99.91,-7.8372
IV-6,-0.6863,279.29,0.17548,0.28993,-99.95,0.071863,-99.95,-7.9075
IV-6,-0.6900,280.58,0.17630,0.29123,-100.00,0.072186,-100.00,-7.9787
IV-6,-0.6937,281.89,0.17712,0.29254,-100.04,0.072512,-100.04,-8.0508
IV-6,-0.6975,283.21,0.17794,0.29387,-100.09,0.072840,-100.09,-8.1239
IV-6,-0.7013,284.54,0.17878,0.29521,-100.14,0.073172,-100.14,-8.1980
IV-6,-0.7050,285.88,0.17962,0.29656,-100.18,0.073506,-100.18,-8.2731
IV-6,-0.7087,287.23,0.18047,0.29792,-100.23,0.073843,-100.23,-8.3492
IV-6,-0.7125,288.60,0.18133,0.29929,-100.28,0.074184,-100.28,-8.4264
IV-6,-0.7163,289.98,0.18220,0.30068,-100.33,0.074527,-100.33,-8.5046
IV-6,-0.7200,291.38,0.18308,0.30208,-100.37,0.074874,-100.37,-8.5839
IV-6,-0.7238,292.78,0.18396,0.30349,-100.42,0.075224,-100.42,-8.6643
IV-6,-0.7275,294.20,0.18485,0.30491,-100.47,0.075577,-100.47,-8.7459
IV-6,-0.7312,295.64,0.18576,0.30635,-100.52,0.075933,-100.52,-8.8285
IV-6,-0.7350,297.09,0.18667,0.30780,-100.57,0.076293,-100.57,-8.9124
IV-6,-0.7388,298.55,0.18759,0.30927,-100.62,0.076656,-100.62,-8.9974
IV-6,-0.7425,300.03,0.18851,0.31074,-100.68,0.077023,-100.68,-9.0837
IV-6,-0.7462,301.52,0.18945,0.31224,-100.73,0.077393,-100.73,-9.1711
IV-6,-0.7500,303.03,0.19040,0.31374,-100.78,0.077766,-100.78,-9.2599
IV-6,-0.7538,304.55,0.19136,0.31526,-100.83,0.078143,-100.83,-9.3499
IV-6,-0.7575,306.09,0.19232,0.31680,-100.89,0.078524,-100.89,-9.4412
IV-6,-0.7612,307.64,0.19330,0.31835,-100.94,0.078908,-100.94,-9.5338
IV-6,-0.7650,309.21,0.19429,0.31992,-100.99,0.079296,-100.99,-9.6278
IV-6,-0.7688,310.80,0.19528,0.32150,-101.05,0.079688,-101.05,-9.7231
IV-6,-0.7725,312.40,0.19629,0.32309,-101.11,0.080083,-101.11,-9.8199
IV-6,-0.7762,314.02,0.19731,0.32470,-101.16,0.080483,-101.16,-9.9181
IV-6,-0.7800,315.66,0.19833,0.32633,-101.22,0.080886,-101.22,-10.0178
IV-6,-0.7837,317.31,0.19937,0.32797,-101.28,0.081293,-101.28,-10.1189
IV-6,-0.7875,318.98,0.20042,0.32963,-101.33,0.081705,-101.33,-10.2216
IV-6,-0.7913,320.67,0.20148,0.33131,-101.39,0.082120,-101.39,-10.3258
IV-6,-0.7950,322.37,0.20255,0.33300,-101.45,0.082540,-101.45,-10.4316
IV-6,-0.7987,324.10,0.20364,0.33471,-101.51,0.082964,-101.51,-10.5390
IV-6,-0.8025,325.84,0.20473,0.33644,-101.57,0.083392,-101.57,-10.6481
IV-6,-0.8063,327.60,0.20584,0.33819,-101.63,0.083824,-101.63,-10.7588
IV-6,-0.8100,329.38,0.20696,0.33995,-101.69,0.084261,-101.69,-10.8713
IV-6,-0.8137,331.18,0.20809,0.34173,-101.75,0.084703,-101.75,-10.9855
IV-6,-0.8175,333.00,0.20923,0.34353,-101.82,0.085149,-101.82,-11.1014
IV-6,-0.8213,334.84,0.21039,0.34535,-101.88,0.085599,-101.88,-11.2192
IV-6,-0.8250,336.70,0.21156,0.34718,-101.95,0.086054,-101.95,-11.3389
IV-6,-0.8287,338.58,0.21274,0.34904,-102.01,0.086514,-102.01,-11.4604
IV-6,-0.8325,340.48,0.21393,0.35091,-102.08,0.086979,-102.08,-11.5839
IV-6,-0.8363,342.41,0.21514,0.35281,-102.14,0.087449,-102.14,-11.7093
IV-6,-0.8400,344.35,0.21636,0.35472,-102.21,0.087924,-102.21,-11.8368
IV-6,-0.8438,346.32,0.21760,0.35666,-102.28,0.088404,-102.28,-11.9664
IV-6,-0.8475,348.31,0.21885,0.35862,-102.34,0.088888,-102.34,-12.0980
IV-6,-0.8512,350.32,0.22012,0.36059,-102.41,0.089379,-102.41,-12.2318
IV-6,-0.8550,352.36,0.22139,0.36259,-102.48,0.089874,-102.48,-12.3677
IV-6,-0.8588,354.42,0.22269,0.36461,-102.55,0.090375,-102.55,-12.5060
IV-6,-0.8625,356.51,0.22400,0.36666,-102.63,0.090881,-102.63,-12.6465
IV-6,-0.8662,358.62,0.22532,0.36872,-102.70,0.091393,-102.70,-12.7893
IV-6,-0.8700,360.75,0.22667,0.37081,-102.77,0.091910,-102.77,-12.9346
IV-6,-0.8738,362.91,0.22802,0.37292,-102.85,0.092434,-102.85,-13.0823
IV-6,-0.8775,365.10,0.22940,0.37505,-102.92,0.092963,-102.92,-13.2325
IV-6,-0.8812,367.31,0.23079,0.37721,-103.00,0.093498,-103.00,-13.3852
IV-6,-0.8850,369.55,0.23219,0.37939,-103.07,0.094039,-103.07,-13.5406
IV-6,-0.8888,371.82,0.23362,0.38160,-103.15,0.094586,-103.15,-13.6986
IV-6,-0.8925,374.11,0.23506,0.38383,-103.23,0.095139,-103.23,-13.8593
IV-6,-0.8962,376.44,0.23652,0.38609,-103.31,0.095699,-103.31,-14.0229
IV-6,-0.9000,378.79,0.23800,0.38838,-103.39,0.096265,-103.39,-14.1893
IV-6,-0.9038,381.17,0.23950,0.39069,-103.47,0.096838,-103.47,-14.3586
IV-6,-0.9075,383.58,0.24101,0.39302,-103.55,0.097417,-103.55,-14.5309
IV-6,-0.9113,386.03,0.24255,0.39539,-103.63,0.098003,-103.63,-14.7063
IV-6,-0.9150,388.50,0.24410,0.39778,-103.72,0.098596,-103.72,-14.8848
IV-6,-0.9187,391.01,0.24568,0.40020,-103.80,0.099196,-103.80,-15.0666
IV-6,-0.9225,393.55,0.24727,0.40265,-103.89,0.099803,-103.89,-15.2515
IV-6,-0.9263,396.12,0.24889,0.40513,-103.98,0.100418,-103.98,-15.4399
IV-6,-0.9300,398.72,0.25053,0.40764,-104.06,0.101040,-104.06,-15.6317
IV-6,-0.9337,401.36,0.25218,0.41018,-104.15,0.101669,-104.15,-15.8270
IV-6,-0.9375,404.04,0.25387,0.41275,-104.24,0.102306,-104.24,-16.0259
IV-6,-0.9413,406.75,0.25557,0.41535,-104.34,0.102950,-104.34,-16.2285
IV-6,-0.9450,409.50,0.25730,0.41798,-104.43,0.103603,-104.43,-16.4349
IV-6,-0.9487,412.29,0.25905,0.42065,-104.52,0.104264,-104.52,-16.6451
IV-6,-0.9525,415.11,0.26082,0.42334,-104.62,0.104932,-104.62,-16.8594
IV-6,-0.9563,417.97,0.26262,0.42608,-104.71,0.105609,-104.71,-17.0777
IV-6,-0.9600,420.88,0.26444,0.42884,-104.81,0.106295,-104.81,-17.3001
IV-6,-0.9637,423.82,0.26629,0.43164,-104.91,0.106989,-104.91,-17.5268
IV-6,-0.9675,426.80,0.26817,0.43448,-105.01,0.107692,-105.01,-17.7579
IV-6,-0.9712,429.83,0.27007,0.43735,-105.11,0.108404,-105.11,-17.9935
IV-6,-0.9750,432.90,0.27200,0.44026,-105.22,0.109126,-105.22,-18.2337
IV-6,-0.9788,436.01,0.27396,0.44321,-105.32,0.109856,-105.32,-18.4787
IV-6,-0.9825,439.17,0.27594,0.44619,-105.43,0.110596,-105.43,-18.7284
IV-6,-0.9862,442.38,0.27796,0.44922,-105.53,0.111346,-105.53,-18.9831
IV-6,-0.9900,445.63,0.28000,0.45228,-105.64,0.112105,-105.64,-19.2430
IV-6,-0.9938,448.93,0.28207,0.45539,-105.75,0.112874,-105.75,-19.5080
IV-6,-0.9975,452.28,0.28418,0.45853,-105.86,0.113654,-105.86,-19.7784
IV-6,-1.0012,455.68,0.28632,0.46172,-105.98,0.114444,-105.98,-20.0543
IV-6,-1.0050,459.14,0.28848,0.46495,-106.09,0.115245,-106.09,-20.3359
IV-6,-1.0088,462.64,0.29069,0.46822,-106.21,0.116056,-106.21,-20.6233
IV-6,-1.0125,466.20,0.29292,0.47154,-106.33,0.116878,-106.33,-20.9166
IV-6,-1.0163,469.81,0.29519,0.47490,-106.45,0.117712,-106.45,-21.2161
IV-6,-1.0200,473.48,0.29750,0.47831,-106.57,0.118557,-106.57,-21.5218
IV-6,-1.0237,477.21,0.29984,0.48177,-106.69,0.119414,-106.69,-21.8340
IV-6,-1.0275,481.00,0.30222,0.48527,-106.82,0.120283,-106.82,-22.1528
IV-6,-1.0312,484.85,0.30464,0.48883,-106.94,0.121164,-106.94,-22.4785
IV-6,-1.0350,488.76,0.30710,0.49243,-107.07,0.122057,-107.07,-22.8111
IV-6,-1.0388,492.73,0.30959,0.49609,-107.20,0.122963,-107.20,-23.1510
IV-6,-1.0425,496.77,0.31213,0.49979,-107.33,0.123881,-107.33,-23.4982
IV-6,-1.0462,500.88,0.31471,0.50355,-107.47,0.124813,-107.47,-23.8531
IV-6,-1.0500,505.05,0.31733,0.50737,-107.61,0.125759,-107.61,-24.2158
IV-6,-1.0537,509.29,0.32000,0.51124,-107.74,0.126718,-107.74,-24.5865
IV-6,-1.0575,513.61,0.32271,0.51516,-107.89,0.127691,-107.89,-24.9655
IV-6,-1.0613,518.00,0.32547,0.51914,-108.03,0.128678,-108.03,-25.3530
IV-6,-1.0650,522.47,0.32828,0.52319,-108.17,0.129680,-108.17,-25.7493
IV-6,-1.0688,527.01,0.33113,0.52729,-108.32,0.130696,-108.32,-26.1547
IV-6,-1.0725,531.63,0.33403,0.53145,-108.47,0.131728,-108.47,-26.5693
IV-6,-1.0762,536.34,0.33699,0.53568,-108.62,0.132775,-108.62,-26.9934
IV-6,-1.0800,541.13,0.34000,0.53996,-108.78,0.133839,-108.78,-27.4274
IV-6,-1.0837,546.00,0.34306,0.54432,-108.94,0.134918,-108.94,-27.8716
IV-6,-1.0875,550.96,0.34618,0.54874,-109.09,0.136014,-109.09,-28.3262
IV-6,-1.0913,556.02,0.34936,0.55323,-109.26,0.137126,-109.26,-28.7915
IV-6,-1.0950,561.17,0.35259,0.55779,-109.42,0.138256,-109.42,-29.2679
IV-6,-1.0987,566.41,0.35589,0.56242,-109.59,0.139404,-109.59,-29.7557
IV-6,-1.1025,571.76,0.35924,0.56712,-109.76,0.140569,-109.76,-30.2553
IV-6,-1.1062,577.20,0.36267,0.57189,-109.93,0.141753,-109.93,-30.7671
IV-6,-1.1100,582.75,0.36615,0.57675,-110.11,0.142955,-110.11,-31.2913
IV-6,-1.1138,588.41,0.36971,0.58168,-110.29,0.144177,-110.29,-31.8284
IV-6,-1.1175,594.18,0.37333,0.58668,-110.47,0.145418,-110.47,-32.3789
IV-6,-1.1213,600.06,0.37703,0.59177,-110.66,0.146680,-110.66,-32.9430
IV-6,-1.1250,606.06,0.38080,0.59694,-110.85,0.147962,-110.85,-33.5213
IV-6,-1.1287,612.18,0.38465,0.60220,-111.04,0.149264,-111.04,-34.1142
IV-6,-1.1325,618.43,0.38857,0.60754,-111.23,0.150589,-111.23,-34.7222
IV-6,-1.1362,624.80,0.39258,0.61297,-111.43,0.151935,-111.43,-35.3457
IV-6,-1.1400,631.31,0.39667,0.61849,-111.64,0.153303,-111.64,-35.9853
IV-6,-1.1438,637.96,0.40084,0.62411,-111.84,0.154694,-111.84,-36.6414
IV-6,-1.1475,644.75,0.40511,0.62981,-112.05,0.156109,-112.05,-37.3147
IV-6,-1.1513,651.68,0.40946,0.63562,-112.27,0.157548,-112.27,-38.0056
IV-6,-1.1550,658.76,0.41391,0.64152,-112.49,0.159011,-112.49,-38.7148
IV-6,-1.1587,666.00,0.41846,0.64753,-112.71,0.160499,-112.71,-39.4429
IV-6,-1.1625,673.40,0.42311,0.65363,-112.93,0.162013,-112.93,-40.1904
IV-6,-1.1663,680.97,0.42786,0.65985,-113.16,0.163553,-113.16,-40.9581
IV-6,-1.1700,688.71,0.43273,0.66617,-113.40,0.165120,-113.40,-41.7466
IV-6,-1.1738,696.62,0.43770,0.67260,-113.64,0.166714,-113.64,-42.5566
IV-6,-1.1775,704.72,0.44279,0.67914,-113.88,0.168336,-113.88,-43.3889
IV-6,-1.1812,713.01,0.44800,0.68581,-114.13,0.169987,-114.13,-44.2442
IV-6,-1.1850,721.50,0.45333,0.69258,-114.39,0.171668,-114.39,-45.1232
IV-6,-1.1887,730.19,0.45879,0.69949,-114.65,0.173378,-114.65,-46.0269
IV-6,-1.1925,739.10,0.46439,0.70651,-114.91,0.175119,-114.91,-46.9559
IV-6,-1.1963,748.22,0.47012,0.71366,-115.18,0.176892,-115.18,-47.9114
IV-6,-1.2000,757.58,0.47600,0.72094,-115.45,0.178697,-115.45,-48.8940
IV-6,-1.2038,767.17,0.48202,0.72836,-115.74,0.180534,-115.74,-49.9048
IV-6,-1.2075,777.00,0.48820,0.73591,-116.02,0.182406,-116.02,-50.9447
IV-6,-1.2112,787.09,0.49454,0.74360,-116.31,0.184311,-116.31,-52.0148
IV-6,-1.2150,797.45,0.50105,0.75143,-116.61,0.186252,-116.61,-53.1162
IV-6,-1.2188,808.08,0.50773,0.75940,-116.92,0.188230,-116.92,-54.2498
IV-6,-1.2225,819.00,0.51459,0.76753,-117.23,0.190243,-117.23,-55.4169
IV-6,-1.2263,830.22,0.52164,0.77580,-117.55,0.192295,-117.55,-56.6185
IV-6,-1.2300,841.75,0.52889,0.78424,-117.87,0.194385,-117.87,-57.8561
IV-6,-1.2337,853.61,0.53634,0.79283,-118.21,0.196515,-118.21,-59.1306
IV-6,-1.2375,865.80,0.54400,0.80158,-118.55,0.198684,-118.55,-60.4436
IV-6,-1.2412,878.35,0.55188,0.81050,-118.89,0.200895,-118.89,-61.7963
IV-6,-1.2450,891.27,0.56000,0.81959,-119.25,0.203148,-119.25,-63.1901
IV-6,-1.2488,904.57,0.56836,0.82885,-119.61,0.205444,-119.61,-64.6265
IV-6,-1.2525,918.27,0.57697,0.83829,-119.98,0.207784,-119.98,-66.1069
IV-6,-1.2563,932.40,0.58584,0.84791,-120.36,0.210168,-120.36,-67.6328
IV-6,-1.2600,946.97,0.59500,0.85772,-120.75,0.212599,-120.75,-69.2059
IV-6,-1.2637,962.00,0.60444,0.86771,-121.15,0.215075,-121.15,-70.8278
IV-6,-1.2675,977.52,0.61419,0.87789,-121.56,0.217600,-121.56,-72.5002
IV-6,-1.2712,993.54,0.62426,0.88827,-121.97,0.220172,-121.97,-74.2247
IV-6,-1.2750,1010.10,0.63467,0.89885,-122.40,0.222794,-122.40,-76.0031
IV-6,-1.2788,1027.22,0.64542,0.90963,-122.84,0.225467,-122.84,-77.8372
IV-6,-1.2825,1044.93,0.65655,0.92062,-123.29,0.228190,-123.29,-79.7290
IV-6,-1.2862,1063.26,0.66807,0.93182,-123.75,0.230965,-123.75,-81.6802
IV-6,-1.2900,1082.25,0.68000,0.94323,-124.22,0.233794,-124.22,-83.6928
IV-6,-1.2937,1101.93,0.69236,0.95485,-124.70,0.236675,-124.70,-85.7687
IV-6,-1.2975,1122.33,0.70518,0.96670,-125.19,0.239611,-125.19,-87.9099
IV-6,-1.3013,1143.51,0.71849,0.97877,-125.70,0.242603,-125.70,-90.1184
IV-6,-1.3050,1165.50,0.73231,0.99106,-126.22,0.245650,-126.22,-92.3963
IV-6,-1.3088,1188.35,0.74666,1.00358,-126.75,0.248753,-126.75,-94.7455
IV-6,-1.3125,1212.12,0.76160,1.01633,-127.29,0.251913,-127.29,-97.1681
IV-6,-1.3162,1236.86,0.77714,1.02931,-127.85,0.255130,-127.85,-99.6660
IV-6,-1.3200,1262.63,0.79333,1.04252,-128.43,0.258405,-128.43,-102.2412
IV-6,-1.3237,1289.49,0.81021,1.05597,-129.01,0.261738,-129.01,-104.8957
IV-6,-1.3275,1317.52,0.82782,1.06965,-129.62,0.265129,-129.62,-107.6313
IV-6,-1.3313,1346.80,0.84622,1.08357,-130.24,0.268578,-130.24,-110.4497
IV-6,-1.3350,1377.41,0.86545,1.09771,-130.87,0.272085,-130.87,-113.3528
IV-6,-1.3388,1409.44,0.88558,1.11209,-131.53,0.275649,-131.53,-116.3420
IV-6,-1.3425,1443.00,0.90666,1.12670,-132.20,0.279271,-132.20,-119.4188
IV-6,-1.3462,1478.20,0.92878,1.14154,-132.89,0.282948,-132.89,-122.5844
IV-6,-1.3500,1515.15,0.95200,1.15660,-133.59,0.286680,-133.59,-125.8399
IV-6,-1.3538,1554.00,0.97641,1.17187,-134.32,0.290467,-134.32,-129.1859
IV-6,-1.3575,1594.90,1.00210,1.18736,-135.06,0.294305,-135.06,-132.6230
IV-6,-1.3613,1638.00,1.02919,1.20305,-135.82,0.298195,-135.82,-136.1514
IV-6,-1.3650,1683.50,1.05778,1.21894,-136.61,0.302132,-136.61,-139.7708
IV-6,-1.3687,1731.60,1.08800,1.23501,-137.41,0.306115,-137.41,-143.4805
IV-6,-1.3725,1782.53,1.12000,1.25125,-138.24,0.310141,-138.24,-147.2793
IV-6,-1.3762,1836.55,1.15394,1.26765,-139.09,0.314207,-139.09,-151.1657
IV-6,-1.3800,1893.94,1.19000,1.28419,-139.96,0.318307,-139.96,-155.1371
IV-6,-1.3838,1955.03,1.22838,1.30086,-140.85,0.322439,-140.85,-159.1908
IV-6,-1.3875,2020.20,1.26933,1.31764,-141.77,0.326597,-141.77,-163.3228
IV-6,-1.3913,2089.86,1.31310,1.33450,-142.71,0.330775,-142.71,-167.5287
IV-6,-1.3950,2164.50,1.36000,1.35141,-143.67,0.334969,-143.67,-171.8030
IV-6,-1.3987,2244.67,1.41037,1.36836,-144.66,0.339170,-144.66,-176.1393
IV-6,-1.4025,2331.00,1.46461,1.38531,-145.68,0.343371,-145.68,-180.5302
IV-6,-1.4062,2424.24,1.52320,1.40223,-146.71,0.347565,-146.71,-184.9672
IV-6,-1.4100,2525.25,1.58666,1.41909,-147.78,0.351743,-147.78,-189.4406
IV-6,-1.4138,2635.05,1.65565,1.43584,-148.87,0.355895,-148.87,-193.9395
IV-6,-1.4175,2754.82,1.73091,1.45245,-149.98,0.360011,-149.98,-198.4518
IV-6,-1.4212,2886.00,1.81333,1.46887,-151.12,0.364081,-151.12,-202.9643
IV-6,-1.4250,3030.30,1.90400,1.48505,-152.29,0.368094,-152.29,-207.4622
IV-6,-1.4287,3189.79,2.00421,1.50096,-153.48,0.372036,-153.48,-211.9297
IV-6,-1.4325,3367.00,2.11555,1.51653,-154.70,0.375895,-154.70,-216.3497
IV-6,-1.4363,3565.06,2.23999,1.53171,-155.94,0.379659,-155.94,-220.7039
IV-6,-1.4400,3787.88,2.37999,1.54646,-157.21,0.383313,-157.21,-224.9729
IV-6,-1.4438,4040.40,2.53866,1.56070,-158.50,0.386844,-158.50,-229.1364
IV-6,-1.4475,4329.00,2.71999,1.57439,-159.81,0.390237,-159.81,-233.1732
IV-6,-1.4512,4662.00,2.92922,1.58746,-161.15,0.393477,-161.15,-237.0616
IV-6,-1.4550,5050.51,3.17333,1.59986,-162.51,0.396550,-162.51,-240.7795
IV-6,-1.4587,5509.64,3.46181,1.61153,-163.89,0.399443,-163.89,-244.3044
IV-6,-1.4625,6060.61,3.80799,1.62241,-165.29,0.402139,-165.29,-247.6142
IV-6,-1.4663,6734.01,4.23110,1.63245,-166.70,0.404627,-166.70,-250.6869
IV-6,-1.4700,7575.76,4.75999,1.64158,-168.14,0.406892,-168.14,-253.5016
IV-6,-1.4737,8658.01,5.43999,1.64978,-169.58,0.408923,-169.58,-256.0382
IV-6,-1.4775,10101.01,6.34665,1.65698,-171.05,0.410707,-171.05,-258.2780
IV-6,-1.4812,12121.21,7.61598,1.66314,-172.52,0.412236,-172.52,-260.2040
IV-6,-1.4850,15151.52,9.51998,1.66824,-174.00,0.413499,-174.00,-261.8014
IV-6,-1.4888,20202.02,12.69330,1.67224,-175.50,0.414490,-175.50,-263.0574
IV-6,-1.4925,30303.03,19.03996,1.67511,-176.99,0.415202,-176.99,-263.9619
IV-6,-1.4963,60606.06,38.07991,1.67684,-178.50,0.415631,-178.50,-264.5076
IV-6,-1.5000,1000000000.00,628318.53072,1.67742,-180.00,0.415774,-180.00,-264.6901
ILC1-1/7,-0.0000,151.52,0.09520,0.72332,-95.44,0.164104,-95.44,-9.9009
ILC1-1/7,-0.0037,151.89,0.09544,0.72512,-95.45,0.164512,-95.45,-9.9502
ILC1-1/7,-0.0075,152.28,0.09568,0.72692,-95.47,0.164921,-95.47,-9.9998
ILC1-1/7,-0.0112,152.66,0.09592,0.72874,-95.48,0.165333,-95.48,-10.0498
ILC1-1/7,-0.0150,153.05,0.09616,0.73056,-95.49,0.165747,-95.49,-10.1001
ILC1-1/7,-0.0187,153.43,0.09640,0.73239,-95.51,0.166162,-95.51,-10.1509
ILC1-1/7,-0.0225,153.82,0.09665,0.73423,-95.52,0.166580,-95.52,-10.2020
ILC1-1/7,-0.0262,154.21,0.09690,0.73608,-95.53,0.167000,-95.53,-10.2535
ILC1-1/7,-0.0300,154.61,0.09714,0.73794,-95.55,0.167422,-95.55,-10.3054
ILC1-1/7,-0.0338,155.00,0.09739,0.73981,-95.56,0.167846,-95.56,-10.3576
ILC1-1/7,-0.0375,155.40,0.09764,0.74169,-95.58,0.168273,-95.58,-10.4103
ILC1-1/7,-0.0413,155.80,0.09789,0.74358,-95.59,0.168701,-95.59,-10.4634
ILC1-1/7,-0.0450,156.20,0.09814,0.74548,-95.61,0.169132,-95.61,-10.5169
ILC1-1/7,-0.0488,156.60,0.09840,0.74739,-95.62,0.169565,-95.62,-10.5708
ILC1-1/7,-0.0525,157.01,0.09865,0.74930,-95.63,0.170000,-95.63,-10.6251
ILC1-1/7,-0.0563,157.42,0.09891,0.75123,-95.65,0.170437,-95.65,-10.6798
ILC1-1/7,-0.0600,157.83,0.09917,0.75317,-95.66,0.170876,-95.66,-10.7350
ILC1-1/7,-0.0638,158.24,0.09943,0.75512,-95.68,0.171318,-95.68,-10.7906
ILC1-1/7,-0.0675,158.65,0.09969,0.75707,-95.69,0.171762,-95.69,-10.8466
ILC1-1/7,-0.0712,159.07,0.09995,0.75904,-95.71,0.172209,-95.71,-10.9030
ILC1-1/7,-0.0750,159.49,0.10021,0.76102,-95.72,0.172657,-95.72,-10.9599
ILC1-1/7,-0.0788,159.91,0.10047,0.76301,-95.74,0.173108,-95.74,-11.0173
ILC1-1/7,-0.0825,160.33,0.10074,0.76501,-95.75,0.173562,-95.75,-11.0750
ILC1-1/7,-0.0862,160.76,0.10101,0.76701,-95.77,0.174017,-95.77,-11.1333
ILC1-1/7,-0.0900,161.19,0.10128,0.76903,-95.78,0.174476,-95.78,-11.1920
ILC1-1/7,-0.0938,161.62,0.10155,0.77106,-95.80,0.174936,-95.80,-11.2511
ILC1-1/7,-0.0975,162.05,0.10182,0.77310,-95.81,0.175399,-95.81,-11.3108
ILC1-1/7,-0.1013,162.48,0.10209,0.77516,-95.83,0.175864,-95.83,-11.3709
ILC1-1/7,-0.1050,162.92,0.10237,0.77722,-95.84,0.176332,-95.84,-11.4315
ILC1-1/7,-0.1087,163.36,0.10264,0.77929,-95.86,0.176803,-95.86,-11.4925
ILC1-1/7,-0.1125,163.80,0.10292,0.78137,-95.88,0.177276,-95.88,-11.5541
ILC1-1/7,-0.1163,164.24,0.10320,0.78347,-95.89,0.177751,-95.89,-11.6161
ILC1-1/7,-0.1200,164.69,0.10348,0.78558,-95.91,0.178229,-95.91,-11.6787
ILC1-1/7,-0.1237,165.14,0.10376,0.78769,-95.92,0.178709,-95.92,-11.7417
ILC1-1/7,-0.1275,165.59,0.10404,0.78982,-95.94,0.179192,-95.94,-11.8053
ILC1-1/7,-0.1313,166.04,0.10433,0.79196,-95.96,0.179678,-95.96,-11.8694
ILC1-1/7,-0.1350,166.50,0.10462,0.79412,-95.97,0.180166,-95.97,-11.9340
ILC1-1/7,-0.1388,166.96,0.10490,0.79628,-95.99,0.180657,-95.99,-11.9991
ILC1-1/7,-0.1425,167.42,0.10519,0.79846,-96.01,0.181151,-96.01,-12.0647
ILC1-1/7,-0.1462,167.88,0.10548,0.80064,-96.02,0.181647,-96.02,-12.1309
ILC1-1/7,-0.1500,168.35,0.10578,0.80284,-96.04,0.182146,-96.04,-12.1977
ILC1-1/7,-0.1537,168.82,0.10607,0.80505,-96.05,0.182648,-96.05,-12.2650
ILC1-1/7,-0.1575,169.29,0.10637,0.80728,-96.07,0.183152,-96.07,-12.3328
ILC1-1/7,-0.1613,169.76,0.10667,0.80951,-96.09,0.183660,-96.09,-12.4012
ILC1-1/7,-0.1650,170.24,0.10697,0.81176,-96.11,0.184170,-96.11,-12.4702
ILC1-1/7,-0.1688,170.72,0.10727,0.81402,-96.12,0.184683,-96.12,-12.5398
ILC1-1/7,-0.1725,171.20,0.10757,0.81630,-96.14,0.185198,-96.14,-12.6099
ILC1-1/7,-0.1762,171.69,0.10788,0.81858,-96.16,0.185717,-96.16,-12.6806
ILC1-1/7,-0.1800,172.18,0.10818,0.82088,-96.17,0.186238,-96.17,-12.7519
ILC1-1/7,-0.1837,172.67,0.10849,0.82319,-96.19,0.186763,-96.19,-12.8239
ILC1-1/7,-0.1875,173.16,0.10880,0.82552,-96.21,0.187290,-96.21,-12.8964
ILC1-1/7,-0.1913,173.66,0.10911,0.82785,-96.23,0.187821,-96.23,-12.9695
ILC1-1/7,-0.1950,174.16,0.10943,0.83020,-96.24,0.188354,-96.24,-13.0433
ILC1-1/7,-0.1988,174.66,0.10974,0.83257,-96.26,0.188890,-96.26,-13.1177
ILC1-1/7,-0.2025,175.16,0.11006,0.83495,-96.28,0.189430,-96.28,-13.1927
ILC1-1/7,-0.2062,175.67,0.11038,0.83734,-96.30,0.189972,-96.30,-13.2684
ILC1-1/7,-0.2100,176.18,0.11070,0.83974,-96.32,0.190518,-96.32,-13.3447
ILC1-1/7,-0.2137,176.69,0.11102,0.84216,-96.34,0.191066,-96.34,-13.4217
ILC1-1/7,-0.2175,177.21,0.11134,0.84459,-96.35,0.191618,-96.35,-13.4993
ILC1-1/7,-0.2213,177.73,0.11167,0.84704,-96.37,0.192173,-96.37,-13.5776
ILC1-1/7,-0.2250,178.25,0.11200,0.84950,-96.39,0.192731,-96.39,-13.6566
ILC1-1/7,-0.2288,178.78,0.11233,0.85197,-96.41,0.193293,-96.41,-13.7363
ILC1-1/7,-0.2325,179.31,0.11266,0.85446,-96.43,0.193858,-96.43,-13.8167
ILC1-1/7,-0.2362,179.84,0.11300,0.85697,-96.45,0.194426,-96.45,-13.8978
ILC1-1/7,-0.2400,180.38,0.11333,0.85949,-96.47,0.194997,-96.47,-13.9796
ILC1-1/7,-0.2437,180.91,0.11367,0.86202,-96.49,0.195572,-96.49,-14.0621
ILC1-1/7,-0.2475,181.46,0.11401,0.86457,-96.50,0.196150,-96.50,-14.1453
ILC1-1/7,-0.2512,182.00,0.11435,0.86713,-96.52,0.196731,-96.52,-14.2293
ILC1-1/7,-0.2550,182.55,0.11470,0.86971,-96.54,0.197316,-96.54,-14.3140
ILC1-1/7,-0.2587,183.10,0.11505,0.87230,-96.56,0.197904,-96.56,-14.3995
ILC1-1/7,-0.2625,183.65,0.11539,0.87491,-96.58,0.198496,-96.58,-14.4858
ILC1-1/7,-0.2662,184.21,0.11574,0.87753,-96.60,0.199092,-96.60,-14.5728
ILC1-1/7,-0.2700,184.77,0.11610,0.88017,-96.62,0.199690,-96.62,-14.6606
ILC1-1/7,-0.2737,185.34,0.11645,0.88283,-96.64,0.200293,-96.64,-14.7492
ILC1-1/7,-0.2775,185.91,0.11681,0.88550,-96.66,0.200899,-96.66,-14.8386
ILC1-1/7,-0.2812,186.48,0.11717,0.88819,-96.68,0.201509,-96.68,-14.9288
ILC1-1/7,-0.2850,187.06,0.11753,0.89089,-96.70,0.202122,-96.70,-15.0199
ILC1-1/7,-0.2888,187.63,0.11789,0.89361,-96.72,0.202740,-96.72,-15.1117
ILC1-1/7,-0.2925,188.22,0.11826,0.89635,-96.74,0.203361,-96.74,-15.2045
ILC1-1/7,-0.2963,188.80,0.11863,0.89910,-96.77,0.203985,-96.77,-15.2980
ILC1-1/7,-0.3000,189.39,0.11900,0.90187,-96.79,0.204614,-96.79,-15.3924
ILC1-1/7,-0.3038,189.99,0.11937,0.90466,-96.81,0.205246,-96.81,-15.4877
ILC1-1/7,-0.3075,190.59,0.11975,0.90747,-96.83,0.205883,-96.83,-15.5839
ILC1-1/7,-0.3113,191.19,0.12013,0.91029,-96.85,0.206523,-96.85,-15.6810
ILC1-1/7,-0.3150,191.79,0.12051,0.91313,-96.87,0.207167,-96.87,-15.7790
ILC1-1/7,-0.3187,192.40,0.12089,0.91598,-96.89,0.207815,-96.89,-15.8779
ILC1-1/7,-0.3225,193.01,0.12127,0.91886,-96.91,0.208468,-96.91,-15.9777
ILC1-1/7,-0.3262,193.63,0.12166,0.92175,-96.94,0.209124,-96.94,-16.0785
ILC1-1/7,-0.3300,194.25,0.12205,0.92466,-96.96,0.209784,-96.96,-16.1802
ILC1-1/7,-0.3337,194.87,0.12244,0.92759,-96.98,0.210449,-96.98,-16.2829
ILC1-1/7,-0.3375,195.50,0.12284,0.93054,-97.00,0.211118,-97.00,-16.3865
ILC1-1/7,-0.3412,196.14,0.12324,0.93351,-97.03,0.211791,-97.03,-16.4912
ILC1-1/7,-0.3450,196.77,0.12364,0.93649,-97.05,0.212468,-97.05,-16.5968
ILC1-1/7,-0.3488,197.41,0.12404,0.93950,-97.07,0.213150,-97.07,-16.7035
ILC1-1/7,-0.3525,198.06,0.12444,0.94252,-97.09,0.213836,-97.09,-16.8112
ILC1-1/7,-0.3563,198.71,0.12485,0.94556,-97.12,0.214526,-97.12,-16.9199
ILC1-1/7,-0.3600,199.36,0.12526,0.94863,-97.14,0.215221,-97.14,-17.0297
ILC1-1/7,-0.3638,200.02,0.12568,0.95171,-97.16,0.215920,-97.16,-17.1405
ILC1-1/7,-0.3675,200.68,0.12609,0.95481,-97.19,0.216624,-97.19,-17.2524
ILC1-1/7,-0.3713,201.35,0.12651,0.95793,-97.21,0.217332,-97.21,-17.3654
ILC1-1/7,-0.3750,202.02,0.12693,0.96107,-97.23,0.218045,-97.23,-17.4796
ILC1-1/7,-0.3787,202.70,0.12736,0.96424,-97.26,0.218763,-97.26,-17.5948
ILC1-1/7,-0.3825,203.38,0.12778,0.96742,-97.28,0.219485,-97.28,-17.7112
ILC1-1/7,-0.3862,204.06,0.12822,0.97063,-97.31,0.220212,-97.31,-17.8287
ILC1-1/7,-0.3900,204.75,0.12865,0.97385,-97.33,0.220944,-97.33,-17.9474
ILC1-1/7,-0.3937,205.44,0.12908,0.97710,-97.36,0.221681,-97.36,-18.0673
ILC1-1/7,-0.3975,206.14,0.12952,0.98037,-97.38,0.222422,-97.38,-18.1884
ILC1-1/7,-0.4012,206.85,0.12997,0.98366,-97.40,0.223169,-97.40,-18.3107
ILC1-1/7,-0.4050,207.56,0.13041,0.98697,-97.43,0.223920,-97.43,-18.4342
ILC1-1/7,-0.4088,208.27,0.13086,0.99031,-97.46,0.224677,-97.46,-18.5590
ILC1-1/7,-0.4125,208.99,0.13131,0.99366,-97.48,0.225439,-97.48,-18.6850
ILC1-1/7,-0.4163,209.71,0.13176,0.99704,-97.51,0.226205,-97.51,-18.8124
ILC1-1/7,-0.4200,210.44,0.13222,1.00044,-97.53,0.226977,-97.53,-18.9410
ILC1-1/7,-0.4238,211.17,0.13268,1.00387,-97.56,0.227755,-97.56,-19.0709
ILC1-1/7,-0.4275,211.91,0.13315,1.00732,-97.58,0.228537,-97.58,-19.2022
ILC1-1/7,-0.4313,212.65,0.13361,1.01079,-97.61,0.229325,-97.61,-19.3348
ILC1-1/7,-0.4350,213.40,0.13408,1.01429,-97.64,0.230118,-97.64,-19.4688
ILC1-1/7,-0.4387,214.16,0.13456,1.01781,-97.66,0.230917,-97.66,-19.6042
ILC1-1/7,-0.4425,214.92,0.13504,1.02135,-97.69,0.231721,-97.69,-19.7410
ILC1-1/7,-0.4462,215.68,0.13552,1.02492,-97.72,0.232531,-97.72,-19.8792
ILC1-1/7,-0.4500,216.45,0.13600,1.02852,-97.74,0.233346,-97.74,-20.0189
ILC1-1/7,-0.4537,217.23,0.13649,1.03214,-97.77,0.234167,-97.77,-20.1600
ILC1-1/7,-0.4575,218.01,0.13698,1.03578,-97.80,0.234994,-97.80,-20.3026
ILC1-1/7,-0.4612,218.79,0.13747,1.03945,-97.83,0.235827,-97.83,-20.4467
ILC1-1/7,-0.4650,219.59,0.13797,1.04315,-97.86,0.236665,-97.86,-20.5924
ILC1-1/7,-0.4688,220.39,0.13847,1.04687,-97.88,0.237510,-97.88,-20.7396
ILC1-1/7,-0.4725,221.19,0.13898,1.05062,-97.91,0.238360,-97.91,-20.8884
ILC1-1/7,-0.4763,222.00,0.13949,1.05439,-97.94,0.239217,-97.94,-21.0388
ILC1-1/7,-0.4800,222.82,0.14000,1.05819,-97.97,0.240079,-97.97,-21.1908
ILC1-1/7,-0.4838,223.64,0.14052,1.06202,-98.00,0.240948,-98.00,-21.3444
ILC1-1/7,-0.4875,224.47,0.14104,1.06588,-98.03,0.241823,-98.03,-21.4997
ILC1-1/7,-0.4913,225.30,0.14156,1.06976,-98.06,0.242704,-98.06,-21.6567
ILC1-1/7,-0.4950,226.14,0.14209,1.07368,-98.09,0.243592,-98.09,-21.8154
ILC1-1/7,-0.4988,226.99,0.14262,1.07762,-98.12,0.244486,-98.12,-21.9759
ILC1-1/7,-0.5025,227.84,0.14316,1.08159,-98.15,0.245387,-98.15,-22.1381
ILC1-1/7,-0.5062,228.70,0.14370,1.08559,-98.18,0.246294,-98.18,-22.3021
ILC1-1/7,-0.5100,229.57,0.14424,1.08962,-98.21,0.247208,-98.21,-22.4680
ILC1-1/7,-0.5138,230.44,0.14479,1.09367,-98.24,0.248129,-98.24,-22.6356
ILC1-1/7,-0.5175,231.32,0.14534,1.09776,-98.27,0.249056,-98.27,-22.8052
ILC1-1/7,-0.5212,232.21,0.14590,1.10188,-98.30,0.249991,-98.30,-22.9766
ILC1-1/7,-0.5250,233.10,0.14646,1.10603,-98.33,0.250932,-98.33,-23.1500
ILC1-1/7,-0.5288,234.00,0.14703,1.11021,-98.36,0.251881,-98.36,-23.3253
ILC1-1/7,-0.5325,234.91,0.14760,1.11442,-98.40,0.252836,-98.40,-23.5026
ILC1-1/7,-0.5363,235.82,0.14817,1.11866,-98.43,0.253799,-98.43,-23.6819
ILC1-1/7,-0.5400,236.74,0.14875,1.12294,-98.46,0.254769,-98.46,-23.8633
ILC1-1/7,-0.5437,237.67,0.14933,1.12725,-98.49,0.255746,-98.49,-24.0467
ILC1-1/7,-0.5475,238.61,0.14992,1.13159,-98.53,0.256731,-98.53,-24.2323
ILC1-1/7,-0.5513,239.55,0.15051,1.13596,-98.56,0.257723,-98.56,-24.4199
ILC1-1/7,-0.5550,240.50,0.15111,1.14037,-98.59,0.258723,-98.59,-24.6098
ILC1-1/7,-0.5587,241.46,0.15171,1.14481,-98.63,0.259731,-98.63,-24.8019
ILC1-1/7,-0.5625,242.42,0.15232,1.14929,-98.66,0.260746,-98.66,-24.9962
ILC1-1/7,-0.5663,243.40,0.15293,1.15380,-98.69,0.261769,-98.69,-25.1927
ILC1-1/7,-0.5700,244.38,0.15355,1.15834,-98.73,0.262801,-98.73,-25.3916
ILC1-1/7,-0.5737,245.37,0.15417,1.16292,-98.76,0.263840,-98.76,-25.5929
ILC1-1/7,-0.5775,246.37,0.15480,1.16754,-98.80,0.264888,-98.80,-25.7965
ILC1-1/7,-0.5813,247.37,0.15543,1.17219,-98.83,0.265943,-98.83,-26.0025
ILC1-1/7,-0.5850,248.39,0.15607,1.17688,-98.87,0.267007,-98.87,-26.2110
ILC1-1/7,-0.5887,249.41,0.15671,1.18161,-98.91,0.268080,-98.91,-26.4220
ILC1-1/7,-0.5925,250.44,0.15736,1.18638,-98.94,0.269161,-98.94,-26.6355
ILC1-1/7,-0.5962,251.48,0.15801,1.19118,-98.98,0.270251,-98.98,-26.8516
ILC1-1/7,-0.6000,252.53,0.15867,1.19602,-99.02,0.271349,-99.02,-27.0704
ILC1-1/7,-0.6038,253.58,0.15933,1.20090,-99.05,0.272456,-99.05,-27.2917
ILC1-1/7,-0.6075,254.65,0.16000,1.20582,-99.09,0.273573,-99.09,-27.5158
ILC1-1/7,-0.6112,255.72,0.16067,1.21078,-99.13,0.274698,-99.13,-27.7427
ILC1-1/7,-0.6150,256.81,0.16136,1.21578,-99.17,0.275832,-99.17,-27.9723
ILC1-1/7,-0.6188,257.90,0.16204,1.22082,-99.20,0.276976,-99.20,-28.2048
ILC1-1/7,-0.6225,259.00,0.16273,1.22591,-99.24,0.278129,-99.24,-28.4401
ILC1-1/7,-0.6262,260.11,0.16343,1.23103,-99.28,0.279292,-99.28,-28.6784
ILC1-1/7,-0.6300,261.23,0.16414,1.23620,-99.32,0.280464,-99.32,-28.9196
ILC1-1/7,-0.6338,262.36,0.16485,1.24141,-99.36,0.281646,-99.36,-29.1639
ILC1-1/7,-0.6375,263.50,0.16556,1.24666,-99.40,0.282838,-99.40,-29.4113
ILC1-1/7,-0.6412,264.66,0.16629,1.25196,-99.44,0.284040,-99.44,-29.6618
ILC1-1/7,-0.6450,265.82,0.16702,1.25730,-99.48,0.285252,-99.48,-29.9155
ILC1-1/7,-0.6488,266.99,0.16775,1.26269,-99.52,0.286475,-99.52,-30.1724
ILC1-1/7,-0.6525,268.17,0.16850,1.26812,-99.56,0.287707,-99.56,-30.4326
ILC1-1/7,-0.6562,269.36,0.16924,1.27360,-99.61,0.288951,-99.61,-30.6962
ILC1-1/7,-0.6600,270.56,0.17000,1.27913,-99.65,0.290204,-99.65,-30.9632
ILC1-1/7,-0.6637,271.78,0.17076,1.28470,-99.69,0.291469,-99.69,-31.2336
ILC1-1/7,-0.6675,273.00,0.17153,1.29032,-99.73,0.292744,-99.73,-31.5076
ILC1-1/7,-0.6713,274.24,0.17231,1.29600,-99.78,0.294031,-99.78,-31.7851
ILC1-1/7,-0.6750,275.48,0.17309,1.30172,-99.82,0.295329,-99.82,-32.0663
ILC1-1/7,-0.6787,276.74,0.17388,1.30749,-99.86,0.296638,-99.86,-32.3512
ILC1-1/7,-0.6825,278.01,0.17468,1.31331,-99.91,0.297958,-99.91,-32.6399
ILC1-1/7,-0.6863,279.29,0.17548,1.31918,-99.95,0.299290,-99.95,-32.9324
ILC1-1/7,-0.6900,280.58,0.17630,1.32510,-100.00,0.300634,-100.00,-33.2288
ILC1-1/7,-0.6937,281.89,0.17712,1.33108,-100.04,0.301990,-100.04,-33.5292
ILC1-1/7,-0.6975,283.21,0.17794,1.33711,-100.09,0.303358,-100.09,-33.8336
ILC1-1/7,-0.7013,284.54,0.17878,1.34319,-100.14,0.304738,-100.14,-34.1422
ILC1-1/7,-0.7050,285.88,0.17962,1.34933,-100.18,0.306131,-100.18,-34.4550
ILC1-1/7,-0.7087,287.23,0.18047,1.35552,-100.23,0.307536,-100.23,-34.7720
ILC1-1/7,-0.7125,288.60,0.18133,1.36177,-100.28,0.308954,-100.28,-35.0934
ILC1-1/7,-0.7163,289.98,0.18220,1.36808,-100.33,0.310385,-100.33,-35.4192
ILC1-1/7,-0.7200,291.38,0.18308,1.37444,-100.37,0.311829,-100.37,-35.7495
ILC1-1/7,-0.7238,292.78,0.18396,1.38087,-100.42,0.313286,-100.42,-36.0844
ILC1-1/7,-0.7275,294.20,0.18485,1.38735,-100.47,0.314757,-100.47,-36.4240
ILC1-1/7,-0.7312,295.64,0.18576,1.39389,-100.52,0.316241,-100.52,-36.7683
ILC1-1/7,-0.7350,297.09,0.18667,1.40049,-100.57,0.317739,-100.57,-37.1175
ILC1-1/7,-0.7388,298.55,0.18759,1.40716,-100.62,0.319251,-100.62,-37.4717
ILC1-1/7,-0.7425,300.03,0.18851,1.41389,-100.68,0.320778,-100.68,-37.8308
ILC1-1/7,-0.7462,301.52,0.18945,1.42068,-100.73,0.322318,-100.73,-38.1951
ILC1-1/7,-0.7500,303.03,0.19040,1.42753,-100.78,0.323874,-100.78,-38.5646
ILC1-1/7,-0.7538,304.55,0.19136,1.43445,-100.83,0.325444,-100.83,-38.9395
ILC1-1/7,-0.7575,306.09,0.19232,1.44144,-100.89,0.327029,-100.89,-39.3197
ILC1-1/7,-0.7612,307.64,0.19330,1.44850,-100.94,0.328630,-100.94,-39.7055
ILC1-1/7,-0.7650,309.21,0.19429,1.45562,-100.99,0.330245,-100.99,-40.0969
ILC1-1/7,-0.7688,310.80,0.19528,1.46281,-101.05,0.331877,-101.05,-40.4941
ILC1-1/7,-0.7725,312.40,0.19629,1.47007,-101.11,0.333524,-101.11,-40.8971
ILC1-1/7,-0.7762,314.02,0.19731,1.47740,-101.16,0.335188,-101.16,-41.3061
ILC1-1/7,-0.7800,315.66,0.19833,1.48481,-101.22,0.336868,-101.22,-41.7211
ILC1-1/7,-0.7837,317.31,0.19937,1.49228,-101.28,0.338564,-101.28,-42.1424
ILC1-1/7,-0.7875,318.98,0.20042,1.49984,-101.33,0.340277,-101.33,-42.5700
ILC1-1/7,-0.7913,320.67,0.20148,1.50746,-101.39,0.342008,-101.39,-43.0040
ILC1-1/7,-0.7950,322.37,0.20255,1.51517,-101.45,0.343755,-101.45,-43.4447
ILC1-1/7,-0.7987,324.10,0.20364,1.52295,-101.51,0.345521,-101.51,-43.8920
ILC1-1/7,-0.8025,325.84,0.20473,1.53081,-101.57,0.347304,-101.57,-44.3462
ILC1-1/7,-0.8063,327.60,0.20584,1.53874,-101.63,0.349105,-101.63,-44.8074
ILC1-1/7,-0.8100,329.38,0.20696,1.54676,-101.69,0.350925,-101.69,-45.2757
ILC1-1/7,-0.8137,331.18,0.20809,1.55487,-101.75,0.352763,-101.75,-45.7513
ILC1-1/7,-0.8175,333.00,0.20923,1.56305,-101.82,0.354620,-101.82,-46.2343
ILC1-1/7,-0.8213,334.84,0.21039,1.57132,-101.88,0.356496,-101.88,-46.7248
ILC1-1/7,-0.8250,336.70,0.21156,1.57968,-101.95,0.358392,-101.95,-47.2231
ILC1-1/7,-0.8287,338.58,0.21274,1.58812,-102.01,0.360308,-102.01,-47.7293
ILC1-1/7,-0.8325,340.48,0.21393,1.59666,-102.08,0.362244,-102.08,-48.2436
ILC1-1/7,-0.8363,342.41,0.21514,1.60528,-102.14,0.364200,-102.14,-48.7661
ILC1-1/7,-0.8400,344.35,0.21636,1.61399,-102.21,0.366177,-102.21,-49.2970
ILC1-1/7,-0.8438,346.32,0.21760,1.62280,-102.28,0.368175,-102.28,-49.8364
ILC1-1/7,-0.8475,348.31,0.21885,1.63170,-102.34,0.370195,-102.34,-50.3846
ILC1-1/7,-0.8512,350.32,0.22012,1.64070,-102.41,0.372236,-102.41,-50.9418
ILC1-1/7,-0.8550,352.36,0.22139,1.64979,-102.48,0.374299,-102.48,-51.5081
ILC1-1/7,-0.8588,354.42,0.22269,1.65899,-102.55,0.376385,-102.55,-52.0838
ILC1-1/7,-0.8625,356.51,0.22400,1.66828,-102.63,0.378494,-102.63,-52.6690
ILC1-1/7,-0.8662,358.62,0.22532,1.67768,-102.70,0.380625,-102.70,-53.2639
ILC1-1/7,-0.8700,360.75,0.22667,1.68718,-102.77,0.382781,-102.77,-53.8688
ILC1-1/7,-0.8738,362.91,0.22802,1.69678,-102.85,0.384960,-102.85,-54.4839
ILC1-1/7,-0.8775,365.10,0.22940,1.70649,-102.92,0.387163,-102.92,-55.1094
ILC1-1/7,-0.8812,367.31,0.23079,1.71631,-103.00,0.389391,-103.00,-55.7455
ILC1-1/7,-0.8850,369.55,0.23219,1.72625,-103.07,0.391644,-103.07,-56.3925
ILC1-1/7,-0.8888,371.82,0.23362,1.73629,-103.15,0.393923,-103.15,-57.0507
ILC1-1/7,-0.8925,374.11,0.23506,1.74645,-103.23,0.396228,-103.23,-57.7202
ILC1-1/7,-0.8962,376.44,0.23652,1.75672,-103.31,0.398559,-103.31,-58.4013
ILC1-1/7,-0.9000,378.79,0.23800,1.76711,-103.39,0.400917,-103.39,-59.0944
ILC1-1/7,-0.9038,381.17,0.23950,1.77763,-103.47,0.403302,-103.47,-59.7996
ILC1-1/7,-0.9075,383.58,0.24101,1.78826,-103.55,0.405715,-103.55,-60.5172
ILC1-1/7,-0.9113,386.03,0.24255,1.79902,-103.63,0.408156,-103.63,-61.2476
ILC1-1/7,-0.9150,388.50,0.24410,1.80991,-103.72,0.410625,-103.72,-61.9911
ILC1-1/7,-0.9187,391.01,0.24568,1.82092,-103.80,0.413124,-103.80,-62.7479
ILC1-1/7,-0.9225,393.55,0.24727,1.83207,-103.89,0.415653,-103.89,-63.5183
ILC1-1/7,-0.9263,396.12,0.24889,1.84334,-103.98,0.418211,-103.98,-64.3027
ILC1-1/7,-0.9300,398.72,0.25053,1.85476,-104.06,0.420801,-104.06,-65.1015
ILC1-1/7,-0.9337,401.36,0.25218,1.86631,-104.15,0.423422,-104.15,-65.9149
ILC1-1/7,-0.9375,404.04,0.25387,1.87800,-104.24,0.426074,-104.24,-66.7433
ILC1-1/7,-0.9413,406.75,0.25557,1.88983,-104.34,0.428759,-104.34,-67.5871
ILC1-1/7,-0.9450,409.50,0.25730,1.90181,-104.43,0.431476,-104.43,-68.4466
ILC1-1/7,-0.9487,412.29,0.25905,1.91394,-104.52,0.434228,-104.52,-69.3222
ILC1-1/7,-0.9525,415.11,0.26082,1.92622,-104.62,0.437013,-104.62,-70.2144
ILC1-1/7,-0.9563,417.97,0.26262,1.93865,-104.71,0.439833,-104.71,-71.1235
ILC1-1/7,-0.9600,420.88,0.26444,1.95123,-104.81,0.442688,-104.81,-72.0500
ILC1-1/7,-0.9637,423.82,0.26629,1.96398,-104.91,0.445580,-104.91,-72.9943
ILC1-1/7,-0.9675,426.80,0.26817,1.97688,-105.01,0.448508,-105.01,-73.9567
ILC1-1/7,-0.9712,429.83,0.27007,1.98995,-105.11,0.451473,-105.11,-74.9379
ILC1-1/7,-0.9750,432.90,0.27200,2.00319,-105.22,0.454477,-105.22,-75.9383
ILC1-1/7,-0.9788,436.01,0.27396,2.01660,-105.32,0.457519,-105.32,-76.9583
ILC1-1/7,-0.9825,439.17,0.27594,2.03018,-105.43,0.460600,-105.43,-77.9985
ILC1-1/7,-0.9862,442.38,0.27796,2.04394,-105.53,0.463722,-105.53,-79.0593
ILC1-1/7,-0.9900,445.63,0.28000,2.05788,-105.64,0.466885,-105.64,-80.1414
ILC1-1/7,-0.9938,448.93,0.28207,2.07200,-105.75,0.470089,-105.75,-81.2453
ILC1-1/7,-0.9975,452.28,0.28418,2.08632,-105.86,0.473336,-105.86,-82.3715
ILC1-1/7,-1.0012,455.68,0.28632,2.10082,-105.98,0.476626,-105.98,-83.5206
ILC1-1/7,-1.0050,459.14,0.28848,2.11551,-106.09,0.479961,-106.09,-84.6932
ILC1-1/7,-1.0088,462.64,0.29069,2.13041,-106.21,0.483340,-106.21,-85.8901
ILC1-1/7,-1.0125,466.20,0.29292,2.14551,-106.33,0.486765,-106.33,-87.1117
ILC1-1/7,-1.0163,469.81,0.29519,2.16081,-106.45,0.490237,-106.45,-88.3588
ILC1-1/7,-1.0200,473.48,0.29750,2.17632,-106.57,0.493757,-106.57,-89.6322
ILC1-1/7,-1.0237,477.21,0.29984,2.19205,-106.69,0.497325,-106.69,-90.9323
ILC1-1/7,-1.0275,481.00,0.30222,2.20800,-106.82,0.500943,-106.82,-92.2602
ILC1-1/7,-1.0312,484.85,0.30464,2.22417,-106.94,0.504611,-106.94,-93.6164
ILC1-1/7,-1.0350,488.76,0.30710,2.24056,-107.07,0.508331,-107.07,-95.0017
ILC1-1/7,-1.0388,492.73,0.30959,2.25719,-107.20,0.512104,-107.20,-96.4171
ILC1-1/7,-1.0425,496.77,0.31213,2.27406,-107.33,0.515930,-107.33,-97.8633
ILC1-1/7,-1.0462,500.88,0.31471,2.29117,-107.47,0.519812,-107.47,-99.3412
ILC1-1/7,-1.0500,505.05,0.31733,2.30852,-107.61,0.523748,-107.61,-100.8517
ILC1-1/7,-1.0537,509.29,0.32000,2.32612,-107.74,0.527742,-107.74,-102.3957
ILC1-1/7,-1.0575,513.61,0.32271,2.34398,-107.89,0.531795,-107.89,-103.9742
ILC1-1/7,-1.0613,518.00,0.32547,2.36211,-108.03,0.535906,-108.03,-105.5881
ILC1-1/7,-1.0650,522.47,0.32828,2.38049,-108.17,0.540078,-108.17,-107.2386
ILC1-1/7,-1.0688,527.01,0.33113,2.39916,-108.32,0.544312,-108.32,-108.9266
ILC1-1/7,-1.0725,531.63,0.33403,2.41810,-108.47,0.548610,-108.47,-110.6533
ILC1-1/7,-1.0762,536.34,0.33699,2.43732,-108.62,0.552971,-108.62,-112.4199
ILC1-1/7,-1.0800,541.13,0.34000,2.45684,-108.78,0.557399,-108.78,-114.2274
ILC1-1/7,-1.0837,546.00,0.34306,2.47665,-108.94,0.561894,-108.94,-116.0771
ILC1-1/7,-1.0875,550.96,0.34618,2.49677,-109.09,0.566458,-109.09,-117.9703
ILC1-1/7,-1.0913,556.02,0.34936,2.51719,-109.26,0.571092,-109.26,-119.9083
ILC1-1/7,-1.0950,561.17,0.35259,2.53793,-109.42,0.575797,-109.42,-121.8924
ILC1-1/7,-1.0987,566.41,0.35589,2.55900,-109.59,0.580576,-109.59,-123.9241
ILC1-1/7,-1.1025,571.76,0.35924,2.58039,-109.76,0.585430,-109.76,-126.0048
ILC1-1/7,-1.1062,577.20,0.36267,2.60212,-109.93,0.590360,-109.93,-128.1360
ILC1-1/7,-1.1100,582.75,0.36615,2.62419,-110.11,0.595368,-110.11,-130.3193
ILC1-1/7,-1.1138,588.41,0.36971,2.64662,-110.29,0.600456,-110.29,-132.5563
ILC1-1/7,-1.1175,594.18,0.37333,2.66941,-110.47,0.605626,-110.47,-134.8487
ILC1-1/7,-1.1213,600.06,0.37703,2.69256,-110.66,0.610879,-110.66,-137.1982
ILC1-1/7,-1.1250,606.06,0.38080,2.71609,-110.85,0.616218,-110.85,-139.6066
ILC1-1/7,-1.1287,612.18,0.38465,2.74001,-111.04,0.621643,-111.04,-142.0759
ILC1-1/7,-1.1325,618.43,0.38857,2.76432,-111.23,0.627158,-111.23,-144.6079
ILC1-1/7,-1.1362,624.80,0.39258,2.78903,-111.43,0.632764,-111.43,-147.2046
ILC1-1/7,-1.1400,631.31,0.39667,2.81415,-111.64,0.638463,-111.64,-149.8683
ILC1-1/7,-1.1438,637.96,0.40084,2.83969,-111.84,0.644258,-111.84,-152.6009
ILC1-1/7,-1.1475,644.75,0.40511,2.86566,-112.05,0.650150,-112.05,-155.4049
ILC1-1/7,-1.1513,651.68,0.40946,2.89207,-112.27,0.656142,-112.27,-158.2824
ILC1-1/7,-1.1550,658.76,0.41391,2.91892,-112.49,0.662235,-112.49,-161.2360
ILC1-1/7,-1.1587,666.00,0.41846,2.94624,-112.71,0.668433,-112.71,-164.2682
ILC1-1/7,-1.1625,673.40,0.42311,2.97403,-112.93,0.674738,-112.93,-167.3815
ILC1-1/7,-1.1663,680.97,0.42786,3.00230,-113.16,0.681151,-113.16,-170.5787
ILC1-1/7,-1.1700,688.71,0.43273,3.03106,-113.40,0.687677,-113.40,-173.8626
ILC1-1/7,-1.1738,696.62,0.43770,3.06033,-113.64,0.694316,-113.64,-177.2361
ILC1-1/7,-1.1775,704.72,0.44279,3.09011,-113.88,0.701073,-113.88,-180.7023
ILC1-1/7,-1.1812,713.01,0.44800,3.12041,-114.13,0.707949,-114.13,-184.2642
ILC1-1/7,-1.1850,721.50,0.45333,3.15126,-114.39,0.714947,-114.39,-187.9252
ILC1-1/7,-1.1887,730.19,0.45879,3.18266,-114.65,0.722070,-114.65,-191.6887
ILC1-1/7,-1.1925,739.10,0.46439,3.21462,-114.91,0.729322,-114.91,-195.5580
ILC1-1/7,-1.1963,748.22,0.47012,3.24716,-115.18,0.736704,-115.18,-199.5370
ILC1-1/7,-1.2000,757.58,0.47600,3.28029,-115.45,0.744220,-115.45,-203.6294
ILC1-1/7,-1.2038,767.17,0.48202,3.31402,-115.74,0.751874,-115.74,-207.8391
ILC1-1/7,-1.2075,777.00,0.48820,3.34837,-116.02,0.759667,-116.02,-212.1702
ILC1-1/7,-1.2112,787.09,0.49454,3.38336,-116.31,0.767604,-116.31,-216.6269
ILC1-1/7,-1.2150,797.45,0.50105,3.41899,-116.61,0.775688,-116.61,-221.2136
ILC1-1/7,-1.2188,808.08,0.50773,3.45528,-116.92,0.783922,-116.92,-225.9348
ILC1-1/7,-1.2225,819.00,0.51459,3.49225,-117.23,0.792309,-117.23,-230.7953
ILC1-1/7,-1.2263,830.22,0.52164,3.52991,-117.55,0.800854,-117.55,-235.8000
ILC1-1/7,-1.2300,841.75,0.52889,3.56828,-117.87,0.809558,-117.87,-240.9538
ILC1-1/7,-1.2337,853.61,0.53634,3.60737,-118.21,0.818427,-118.21,-246.2621
ILC1-1/7,-1.2375,865.80,0.54400,3.64720,-118.55,0.827464,-118.55,-251.7302
ILC1-1/7,-1.2412,878.35,0.55188,3.68778,-118.89,0.836671,-118.89,-257.3638
ILC1-1/7,-1.2450,891.27,0.56000,3.72914,-119.25,0.846054,-119.25,-263.1686
ILC1-1/7,-1.2488,904.57,0.56836,3.77129,-119.61,0.855616,-119.61,-269.1506
ILC1-1/7,-1.2525,918.27,0.57697,3.81424,-119.98,0.865360,-119.98,-275.3161
ILC1-1/7,-1.2563,932.40,0.58584,3.85801,-120.36,0.875291,-120.36,-281.6713
ILC1-1/7,-1.2600,946.97,0.59500,3.90262,-120.75,0.885412,-120.75,-288.2229
ILC1-1/7,-1.2637,962.00,0.60444,3.94808,-121.15,0.895727,-121.15,-294.9776
ILC1-1/7,-1.2675,977.52,0.61419,3.99442,-121.56,0.906240,-121.56,-301.9424
ILC1-1/7,-1.2712,993.54,0.62426,4.04165,-121.97,0.916955,-121.97,-309.1244
ILC1-1/7,-1.2750,1010.10,0.63467,4.08978,-122.40,0.927875,-122.40,-316.5310
ILC1-1/7,-1.2788,1027.22,0.64542,4.13883,-122.84,0.939004,-122.84,-324.1698
ILC1-1/7,-1.2825,1044.93,0.65655,4.18883,-123.29,0.950346,-123.29,-332.0483
ILC1-1/7,-1.2862,1063.26,0.66807,4.23977,-123.75,0.961905,-123.75,-340.1745
ILC1-1/7,-1.2900,1082.25,0.68000,4.29169,-124.22,0.973683,-124.22,-348.5563
ILC1-1/7,-1.2937,1101.93,0.69236,4.34459,-124.70,0.985685,-124.70,-357.2019
ILC1-1/7,-1.2975,1122.33,0.70518,4.39849,-125.19,0.997913,-125.19,-366.1195
ILC1-1/7,-1.3013,1143.51,0.71849,4.45339,-125.70,1.010370,-125.70,-375.3175
ILC1-1/7,-1.3050,1165.50,0.73231,4.50933,-126.22,1.023060,-126.22,-384.8041
ILC1-1/7,-1.3088,1188.35,0.74666,4.56629,-126.75,1.035984,-126.75,-394.5879
ILC1-1/7,-1.3125,1212.12,0.76160,4.62430,-127.29,1.049145,-127.29,-404.6771
ILC1-1/7,-1.3162,1236.86,0.77714,4.68336,-127.85,1.062545,-127.85,-415.0802
ILC1-1/7,-1.3200,1262.63,0.79333,4.74348,-128.43,1.076185,-128.43,-425.8053
ILC1-1/7,-1.3237,1289.49,0.81021,4.80466,-129.01,1.090065,-129.01,-436.8604
ILC1-1/7,-1.3275,1317.52,0.82782,4.86691,-129.62,1.104188,-129.62,-448.2533
ILC1-1/7,-1.3313,1346.80,0.84622,4.93022,-130.24,1.118552,-130.24,-459.9915
ILC1-1/7,-1.3350,1377.41,0.86545,4.99460,-130.87,1.133156,-130.87,-472.0819
ILC1-1/7,-1.3388,1409.44,0.88558,5.06002,-131.53,1.148001,-131.53,-484.5312
ILC1-1/7,-1.3425,1443.00,0.90666,5.12650,-132.20,1.163082,-132.20,-497.3452
ILC1-1/7,-1.3462,1478.20,0.92878,5.19400,-132.89,1.178396,-132.89,-510.5290
ILC1-1/7,-1.3500,1515.15,0.95200,5.26252,-133.59,1.193941,-133.59,-524.0870
ILC1-1/7,-1.3538,1554.00,0.97641,5.33202,-134.32,1.209710,-134.32,-538.0222
ILC1-1/7,-1.3575,1594.90,1.00210,5.40249,-135.06,1.225697,-135.06,-552.3369
ILC1-1/7,-1.3613,1638.00,1.02919,5.47388,-135.82,1.241895,-135.82,-567.0315
ILC1-1/7,-1.3650,1683.50,1.05778,5.54616,-136.61,1.258293,-136.61,-582.1051
ILC1-1/7,-1.3687,1731.60,1.08800,5.61928,-137.41,1.274882,-137.41,-597.5549
ILC1-1/7,-1.3725,1782.53,1.12000,5.69318,-138.24,1.291649,-138.24,-613.3761
ILC1-1/7,-1.3762,1836.55,1.15394,5.76781,-139.09,1.308580,-139.09,-629.5616
ILC1-1/7,-1.3800,1893.94,1.19000,5.84308,-139.96,1.325658,-139.96,-646.1017
ILC1-1/7,-1.3838,1955.03,1.22838,5.91893,-140.85,1.342866,-140.85,-662.9839
ILC1-1/7,-1.3875,2020.20,1.26933,5.99526,-141.77,1.360183,-141.77,-680.1927
ILC1-1/7,-1.3913,2089.86,1.31310,6.07196,-142.71,1.377585,-142.71,-697.7090
ILC1-1/7,-1.3950,2164.50,1.36000,6.14893,-143.67,1.395048,-143.67,-715.5103
ILC1-1/7,-1.3987,2244.67,1.41037,6.22605,-144.66,1.412544,-144.66,-733.5698
ILC1-1/7,-1.4025,2331.00,1.46461,6.30317,-145.68,1.430042,-145.68,-751.8566
ILC1-1/7,-1.4062,2424.24,1.52320,6.38016,-146.71,1.447508,-146.71,-770.3352
ILC1-1/7,-1.4100,2525.25,1.58666,6.45685,-147.78,1.464908,-147.78,-788.9655
ILC1-1/7,-1.4138,2635.05,1.65565,6.53307,-148.87,1.482200,-148.87,-807.7022
ILC1-1/7,-1.4175,2754.82,1.73091,6.60864,-149.98,1.499344,-149.98,-826.4949
ILC1-1/7,-1.4212,2886.00,1.81333,6.68335,-151.12,1.516295,-151.12,-845.2880
ILC1-1/7,-1.4250,3030.30,1.90400,6.75700,-152.29,1.533004,-152.29,-864.0206
ILC1-1/7,-1.4287,3189.79,2.00421,6.82936,-153.48,1.549422,-153.48,-882.6265
ILC1-1/7,-1.4325,3367.00,2.11555,6.90021,-154.70,1.565496,-154.70,-901.0345
ILC1-1/7,-1.4363,3565.06,2.23999,6.96930,-155.94,1.581171,-155.94,-919.1683
ILC1-1/7,-1.4400,3787.88,2.37999,7.03638,-157.21,1.596389,-157.21,-936.9474
ILC1-1/7,-1.4438,4040.40,2.53866,7.10119,-158.50,1.611094,-158.50,-954.2871
ILC1-1/7,-1.4475,4329.00,2.71999,7.16347,-159.81,1.625223,-159.81,-971.0994
ILC1-1/7,-1.4512,4662.00,2.92922,7.22295,-161.15,1.638719,-161.15,-987.2936
ILC1-1/7,-1.4550,5050.51,3.17333,7.27937,-162.51,1.651519,-162.51,-1002.7773
ILC1-1/7,-1.4587,5509.64,3.46181,7.33246,-163.89,1.663563,-163.89,-1017.4576
ILC1-1/7,-1.4625,6060.61,3.80799,7.38196,-165.29,1.674794,-165.29,-1031.2418
ILC1-1/7,-1.4663,6734.01,4.23110,7.42763,-166.70,1.685154,-166.70,-1044.0391
ILC1-1/7,-1.4700,7575.76,4.75999,7.46921,-168.14,1.694588,-168.14,-1055.7615
ILC1-1/7,-1.4737,8658.01,5.43999,7.50648,-169.58,1.703045,-169.58,-1066.3256
ILC1-1/7,-1.4775,10101.01,6.34665,7.53925,-171.05,1.710478,-171.05,-1075.6536
ILC1-1/7,-1.4812,12121.21,7.61598,7.56731,-172.52,1.716844,-172.52,-1083.6750
ILC1-1/7,-1.4850,15151.52,9.51998,7.59050,-174.00,1.722105,-174.00,-1090.3275
ILC1-1/7,-1.4888,20202.02,12.69330,7.60868,-175.50,1.726231,-175.50,-1095.5584
ILC1-1/7,-1.4925,30303.03,19.03996,7.62175,-176.99,1.729197,-176.99,-1099.3256
ILC1-1/7,-1.4963,60606.06,38.07991,7.62963,-178.50,1.730983,-178.50,-1101.5984
ILC1-1/7,-1.5000,1000000000.00,628318.53072,7.63226,-180.00,1.731580,-180.00,-1102.3580
ILC1-1/8,-0.0000,151.52,0.09520,0.19871,-95.44,0.049254,-95.44,-2.9717
ILC1-1/8,-0.0037,151.89,0.09544,0.19921,-95.45,0.049377,-95.45,-2.9865
ILC1-1/8,-0.0075,152.28,0.09568,0.19970,-95.47,0.049500,-95.47,-3.0013
ILC1-1/8,-0.0112,152.66,0.09592,0.20020,-95.48,0.049623,-95.48,-3.0163
ILC1-1/8,-0.0150,153.05,0.09616,0.20070,-95.49,0.049747,-95.49,-3.0315
ILC1-1/8,-0.0187,153.43,0.09640,0.20121,-95.51,0.049872,-95.51,-3.0467
ILC1-1/8,-0.0225,153.82,0.09665,0.20171,-95.52,0.049997,-95.52,-3.0620
ILC1-1/8,-0.0262,154.21,0.09690,0.20222,-95.53,0.050124,-95.53,-3.0775
ILC1-1/8,-0.0300,154.61,0.09714,0.20273,-95.55,0.050250,-95.55,-3.0931
ILC1-1/8,-0.0338,155.00,0.09739,0.20325,-95.56,0.050378,-95.56,-3.1088
ILC1-1/8,-0.0375,155.40,0.09764,0.20376,-95.58,0.050505,-95.58,-3.1246
ILC1-1/8,-0.0413,155.80,0.09789,0.20428,-95.59,0.050634,-95.59,-3.1405
ILC1-1/8,-0.0450,156.20,0.09814,0.20480,-95.61,0.050763,-95.61,-3.1566
ILC1-1/8,-0.0488,156.60,0.09840,0.20533,-95.62,0.050893,-95.62,-3.1727
ILC1-1/8,-0.0525,157.01,0.09865,0.20585,-95.63,0.051024,-95.63,-3.1890
ILC1-1/8,-0.0563,157.42,0.09891,0.20638,-95.65,0.051155,-95.65,-3.2055
ILC1-1/8,-0.0600,157.83,0.09917,0.20691,-95.66,0.051287,-95.66,-3.2220
ILC1-1/8,-0.0638,158.24,0.09943,0.20745,-95.68,0.051420,-95.68,-3.2387
ILC1-1/8,-0.0675,158.65,0.09969,0.20799,-95.69,0.051553,-95.69,-3.2555
ILC1-1/8,-0.0712,159.07,0.09995,0.20853,-95.71,0.051687,-95.71,-3.2724
ILC1-1/8,-0.0750,159.49,0.10021,0.20907,-95.72,0.051822,-95.72,-3.2895
ILC1-1/8,-0.0788,159.91,0.10047,0.20962,-95.74,0.051957,-95.74,-3.3067
ILC1-1/8,-0.0825,160.33,0.10074,0.21017,-95.75,0.052093,-95.75,-3.3241
ILC1-1/8,-0.0862,160.76,0.10101,0.21072,-95.77,0.052230,-95.77,-3.3416
ILC1-1/8,-0.0900,161.19,0.10128,0.21127,-95.78,0.052367,-95.78,-3.3592
ILC1-1/8,-0.0938,161.62,0.10155,0.21183,-95.80,0.052505,-95.80,-3.3769
ILC1-1/8,-0.0975,162.05,0.10182,0.21239,-95.81,0.052644,-95.81,-3.3948
ILC1-1/8,-0.1013,162.48,0.10209,0.21295,-95.83,0.052784,-95.83,-3.4129
ILC1-1/8,-0.1050,162.92,0.10237,0.21352,-95.84,0.052925,-95.84,-3.4310
ILC1-1/8,-0.1087,163.36,0.10264,0.21409,-95.86,0.053066,-95.86,-3.4494
ILC1-1/8,-0.1125,163.80,0.10292,0.21466,-95.88,0.053208,-95.88,-3.4678
ILC1-1/8,-0.1163,164.24,0.10320,0.21524,-95.89,0.053350,-95.89,-3.4865
ILC1-1/8,-0.1200,164.69,0.10348,0.21582,-95.91,0.053494,-95.91,-3.5052
ILC1-1/8,-0.1237,165.14,0.10376,0.21640,-95.92,0.053638,-95.92,-3.5242
ILC1-1/8,-0.1275,165.59,0.10404,0.21698,-95.94,0.053783,-95.94,-3.5432
ILC1-1/8,-0.1313,166.04,0.10433,0.21757,-95.96,0.053929,-95.96,-3.5625
ILC1-1/8,-0.1350,166.50,0.10462,0.21816,-95.97,0.054075,-95.97,-3.5819
ILC1-1/8,-0.1388,166.96,0.10490,0.21876,-95.99,0.054223,-95.99,-3.6014
ILC1-1/8,-0.1425,167.42,0.10519,0.21936,-96.01,0.054371,-96.01,-3.6211
ILC1-1/8,-0.1462,167.88,0.10548,0.21996,-96.02,0.054520,-96.02,-3.6410
ILC1-1/8,-0.1500,168.35,0.10578,0.22056,-96.04,0.054669,-96.04,-3.6610
ILC1-1/8,-0.1537,168.82,0.10607,0.22117,-96.05,0.054820,-96.05,-3.6812
ILC1-1/8,-0.1575,169.29,0.10637,0.22178,-96.07,0.054971,-96.07,-3.7016
ILC1-1/8,-0.1613,169.76,0.10667,0.22239,-96.09,0.055124,-96.09,-3.7221
ILC1-1/8,-0.1650,170.24,0.10697,0.22301,-96.11,0.055277,-96.11,-3.7428
ILC1-1/8,-0.1688,170.72,0.10727,0.22363,-96.12,0.055431,-96.12,-3.7637
ILC1-1/8,-0.1725,171.20,0.10757,0.22426,-96.14,0.055586,-96.14,-3.7847
ILC1-1/8,-0.1762,171.69,0.10788,0.22489,-96.16,0.055741,-96.16,-3.8060
ILC1-1/8,-0.1800,172.18,0.10818,0.22552,-96.17,0.055898,-96.17,-3.8274
ILC1-1/8,-0.1837,172.67,0.10849,0.22615,-96.19,0.056055,-96.19,-3.8490
ILC1-1/8,-0.1875,173.16,0.10880,0.22679,-96.21,0.056213,-96.21,-3.8707
ILC1-1/8,-0.1913,173.66,0.10911,0.22743,-96.23,0.056373,-96.23,-3.8927
ILC1-1/8,-0.1950,174.16,0.10943,0.22808,-96.24,0.056533,-96.24,-3.9148
ILC1-1/8,-0.1988,174.66,0.10974,0.22873,-96.26,0.056694,-96.26,-3.9371
ILC1-1/8,-0.2025,175.16,0.11006,0.22938,-96.28,0.056856,-96.28,-3.9597
ILC1-1/8,-0.2062,175.67,0.11038,0.23004,-96.30,0.057018,-96.30,-3.9824
ILC1-1/8,-0.2100,176.18,0.11070,0.23070,-96.32,0.057182,-96.32,-4.0053
ILC1-1/8,-0.2137,176.69,0.11102,0.23136,-96.34,0.057347,-96.34,-4.0284
ILC1-1/8,-0.2175,177.21,0.11134,0.23203,-96.35,0.057512,-96.35,-4.0517
ILC1-1/8,-0.2213,177.73,0.11167,0.23270,-96.37,0.057679,-96.37,-4.0752
ILC1-1/8,-0.2250,178.25,0.11200,0.23338,-96.39,0.057847,-96.39,-4.0989
ILC1-1/8,-0.2288,178.78,0.11233,0.23406,-96.41,0.058015,-96.41,-4.1228
ILC1-1/8,-0.2325,179.31,0.11266,0.23474,-96.43,0.058185,-96.43,-4.1469
ILC1-1/8,-0.2362,179.84,0.11300,0.23543,-96.45,0.058355,-96.45,-4.1713
ILC1-1/8,-0.2400,180.38,0.11333,0.23612,-96.47,0.058527,-96.47,-4.1958
ILC1-1/8,-0.2437,180.91,0.11367,0.23682,-96.49,0.058699,-96.49,-4.2206
ILC1-1/8,-0.2475,181.46,0.11401,0.23752,-96.50,0.058873,-96.50,-4.2456
ILC1-1/8,-0.2512,182.00,0.11435,0.23822,-96.52,0.059047,-96.52,-4.2708
ILC1-1/8,-0.2550,182.55,0.11470,0.23893,-96.54,0.059223,-96.54,-4.2962
ILC1-1/8,-0.2587,183.10,0.11505,0.23964,-96.56,0.059399,-96.56,-4.3219
ILC1-1/8,-0.2625,183.65,0.11539,0.24036,-96.58,0.059577,-96.58,-4.3478
ILC1-1/8,-0.2662,184.21,0.11574,0.24108,-96.60,0.059755,-96.60,-4.3739
ILC1-1/8,-0.2700,184.77,0.11610,0.24181,-96.62,0.059935,-96.62,-4.4002
ILC1-1/8,-0.2737,185.34,0.11645,0.24254,-96.64,0.060116,-96.64,-4.4268
ILC1-1/8,-0.2775,185.91,0.11681,0.24327,-96.66,0.060298,-96.66,-4.4537
ILC1-1/8,-0.2812,186.48,0.11717,0.24401,-96.68,0.060481,-96.68,-4.4808
ILC1-1/8,-0.2850,187.06,0.11753,0.24475,-96.70,0.060665,-96.70,-4.5081
ILC1-1/8,-0.2888,187.63,0.11789,0.24550,-96.72,0.060850,-96.72,-4.5357
ILC1-1/8,-0.2925,188.22,0.11826,0.24625,-96.74,0.061037,-96.74,-4.5635
ILC1-1/8,-0.2963,188.80,0.11863,0.24701,-96.77,0.061224,-96.77,-4.5916
ILC1-1/8,-0.3000,189.39,0.11900,0.24777,-96.79,0.061413,-96.79,-4.6199
ILC1-1/8,-0.3038,189.99,0.11937,0.24853,-96.81,0.061603,-96.81,-4.6485
ILC1-1/8,-0.3075,190.59,0.11975,0.24930,-96.83,0.061794,-96.83,-4.6774
ILC1-1/8,-0.3113,191.19,0.12013,0.25008,-96.85,0.061986,-96.85,-4.7065
ILC1-1/8,-0.3150,191.79,0.12051,0.25086,-96.87,0.062179,-96.87,-4.7359
ILC1-1/8,-0.3187,192.40,0.12089,0.25164,-96.89,0.062374,-96.89,-4.7656
ILC1-1/8,-0.3225,193.01,0.12127,0.25243,-96.91,0.062570,-96.91,-4.7956
ILC1-1/8,-0.3262,193.63,0.12166,0.25323,-96.94,0.062767,-96.94,-4.8258
ILC1-1/8,-0.3300,194.25,0.12205,0.25403,-96.96,0.062965,-96.96,-4.8563
ILC1-1/8,-0.3337,194.87,0.12244,0.25483,-96.98,0.063164,-96.98,-4.8872
ILC1-1/8,-0.3375,195.50,0.12284,0.25564,-97.00,0.063365,-97.00,-4.9183
ILC1-1/8,-0.3412,196.14,0.12324,0.25646,-97.03,0.063567,-97.03,-4.9497
ILC1-1/8,-0.3450,196.77,0.12364,0.25728,-97.05,0.063770,-97.05,-4.9814
ILC1-1/8,-0.3488,197.41,0.12404,0.25810,-97.07,0.063975,-97.07,-5.0134
ILC1-1/8,-0.3525,198.06,0.12444,0.25893,-97.09,0.064181,-97.09,-5.0457
ILC1-1/8,-0.3563,198.71,0.12485,0.25977,-97.12,0.064388,-97.12,-5.0783
ILC1-1/8,-0.3600,199.36,0.12526,0.26061,-97.14,0.064597,-97.14,-5.1113
ILC1-1/8,-0.3638,200.02,0.12568,0.26146,-97.16,0.064806,-97.16,-5.1446
ILC1-1/8,-0.3675,200.68,0.12609,0.26231,-97.19,0.065018,-97.19,-5.1782
ILC1-1/8,-0.3713,201.35,0.12651,0.26317,-97.21,0.065230,-97.21,-5.2121
ILC1-1/8,-0.3750,202.02,0.12693,0.26403,-97.23,0.065444,-97.23,-5.2463
ILC1-1/8,-0.3787,202.70,0.12736,0.26490,-97.26,0.065660,-97.26,-5.2809
ILC1-1/8,-0.3825,203.38,0.12778,0.26578,-97.28,0.065876,-97.28,-5.3158
ILC1-1/8,-0.3862,204.06,0.12822,0.26666,-97.31,0.066095,-97.31,-5.3511
ILC1-1/8,-0.3900,204.75,0.12865,0.26754,-97.33,0.066314,-97.33,-5.3868
ILC1-1/8,-0.3937,205.44,0.12908,0.26843,-97.36,0.066535,-97.36,-5.4227
ILC1-1/8,-0.3975,206.14,0.12952,0.26933,-97.38,0.066758,-97.38,-5.4591
ILC1-1/8,-0.4012,206.85,0.12997,0.27024,-97.40,0.066982,-97.40,-5.4958
ILC1-1/8,-0.4050,207.56,0.13041,0.27115,-97.43,0.067208,-97.43,-5.5329
ILC1-1/8,-0.4088,208.27,0.13086,0.27206,-97.46,0.067435,-97.46,-5.5703
ILC1-1/8,-0.4125,208.99,0.13131,0.27298,-97.48,0.067663,-97.48,-5.6081
ILC1-1/8,-0.4163,209.71,0.13176,0.27391,-97.51,0.067893,-97.51,-5.6464
ILC1-1/8,-0.4200,210.44,0.13222,0.27485,-97.53,0.068125,-97.53,-5.6850
ILC1-1/8,-0.4238,211.17,0.13268,0.27579,-97.56,0.068358,-97.56,-5.7240
ILC1-1/8,-0.4275,211.91,0.13315,0.27674,-97.58,0.068593,-97.58,-5.7634
ILC1-1/8,-0.4313,212.65,0.13361,0.27769,-97.61,0.068830,-97.61,-5.8032
ILC1-1/8,-0.4350,213.40,0.13408,0.27865,-97.64,0.069068,-97.64,-5.8434
ILC1-1/8,-0.4387,214.16,0.13456,0.27962,-97.66,0.069308,-97.66,-5.8840
ILC1-1/8,-0.4425,214.92,0.13504,0.28059,-97.69,0.069549,-97.69,-5.9251
ILC1-1/8,-0.4462,215.68,0.13552,0.28157,-97.72,0.069792,-97.72,-5.9666
ILC1-1/8,-0.4500,216.45,0.13600,0.28256,-97.74,0.070037,-97.74,-6.0085
ILC1-1/8,-0.4537,217.23,0.13649,0.28355,-97.77,0.070283,-97.77,-6.0508
ILC1-1/8,-0.4575,218.01,0.13698,0.28455,-97.80,0.070531,-97.80,-6.0936
ILC1-1/8,-0.4612,218.79,0.13747,0.28556,-97.83,0.070781,-97.83,-6.1369
ILC1-1/8,-0.4650,219.59,0.13797,0.28658,-97.86,0.071033,-97.86,-6.1806
ILC1-1/8,-0.4688,220.39,0.13847,0.28760,-97.88,0.071286,-97.88,-6.2248
ILC1-1/8,-0.4725,221.19,0.13898,0.28863,-97.91,0.071542,-97.91,-6.2695
ILC1-1/8,-0.4763,222.00,0.13949,0.28967,-97.94,0.071799,-97.94,-6.3146
ILC1-1/8,-0.4800,222.82,0.14000,0.29071,-97.97,0.072058,-97.97,-6.3602
ILC1-1/8,-0.4838,223.64,0.14052,0.29176,-98.00,0.072318,-98.00,-6.4063
ILC1-1/8,-0.4875,224.47,0.14104,0.29282,-98.03,0.072581,-98.03,-6.4529
ILC1-1/8,-0.4913,225.30,0.14156,0.29389,-98.06,0.072845,-98.06,-6.5001
ILC1-1/8,-0.4950,226.14,0.14209,0.29497,-98.09,0.073112,-98.09,-6.5477
ILC1-1/8,-0.4988,226.99,0.14262,0.29605,-98.12,0.073380,-98.12,-6.5959
ILC1-1/8,-0.5025,227.84,0.14316,0.29714,-98.15,0.073651,-98.15,-6.6446
ILC1-1/8,-0.5062,228.70,0.14370,0.29824,-98.18,0.073923,-98.18,-6.6938
ILC1-1/8,-0.5100,229.57,0.14424,0.29935,-98.21,0.074197,-98.21,-6.7435
ILC1-1/8,-0.5138,230.44,0.14479,0.30046,-98.24,0.074474,-98.24,-6.7939
ILC1-1/8,-0.5175,231.32,0.14534,0.30158,-98.27,0.074752,-98.27,-6.8448
ILC1-1/8,-0.5212,232.21,0.14590,0.30271,-98.30,0.075032,-98.30,-6.8962
ILC1-1/8,-0.5250,233.10,0.14646,0.30385,-98.33,0.075315,-98.33,-6.9482
ILC1-1/8,-0.5288,234.00,0.14703,0.30500,-98.36,0.075600,-98.36,-7.0009
ILC1-1/8,-0.5325,234.91,0.14760,0.30616,-98.40,0.075886,-98.40,-7.0541
ILC1-1/8,-0.5363,235.82,0.14817,0.30733,-98.43,0.076175,-98.43,-7.1079
ILC1-1/8,-0.5400,236.74,0.14875,0.30850,-98.46,0.076466,-98.46,-7.1623
ILC1-1/8,-0.5437,237.67,0.14933,0.30968,-98.49,0.076760,-98.49,-7.2174
ILC1-1/8,-0.5475,238.61,0.14992,0.31088,-98.53,0.077055,-98.53,-7.2731
ILC1-1/8,-0.5513,239.55,0.15051,0.31208,-98.56,0.077353,-98.56,-7.3294
ILC1-1/8,-0.5550,240.50,0.15111,0.31329,-98.59,0.077653,-98.59,-7.3864
ILC1-1/8,-0.5587,241.46,0.15171,0.31451,-98.63,0.077956,-98.63,-7.4441
ILC1-1/8,-0.5625,242.42,0.15232,0.31574,-98.66,0.078261,-98.66,-7.5024
ILC1-1/8,-0.5663,243.40,0.15293,0.31698,-98.69,0.078568,-98.69,-7.5614
ILC1-1/8,-0.5700,244.38,0.15355,0.31823,-98.73,0.078877,-98.73,-7.6211
ILC1-1/8,-0.5737,245.37,0.15417,0.31948,-98.76,0.079189,-98.76,-7.6815
ILC1-1/8,-0.5775,246.37,0.15480,0.32075,-98.80,0.079504,-98.80,-7.7426
ILC1-1/8,-0.5813,247.37,0.15543,0.32203,-98.83,0.079820,-98.83,-7.8044
ILC1-1/8,-0.5850,248.39,0.15607,0.32332,-98.87,0.080140,-98.87,-7.8670
ILC1-1/8,-0.5887,249.41,0.15671,0.32462,-98.91,0.080462,-98.91,-7.9303
ILC1-1/8,-0.5925,250.44,0.15736,0.32593,-98.94,0.080786,-98.94,-7.9944
ILC1-1/8,-0.5962,251.48,0.15801,0.32725,-98.98,0.081113,-98.98,-8.0593
ILC1-1/8,-0.6000,252.53,0.15867,0.32858,-99.02,0.081443,-99.02,-8.1249
ILC1-1/8,-0.6038,253.58,0.15933,0.32992,-99.05,0.081775,-99.05,-8.1914
ILC1-1/8,-0.6075,254.65,0.16000,0.33127,-99.09,0.082110,-99.09,-8.2586
ILC1-1/8,-0.6112,255.72,0.16067,0.33263,-99.13,0.082448,-99.13,-8.3267
ILC1-1/8,-0.6150,256.81,0.16136,0.33401,-99.17,0.082789,-99.17,-8.3956
ILC1-1/8,-0.6188,257.90,0.16204,0.33539,-99.20,0.083132,-99.20,-8.4654
ILC1-1/8,-0.6225,259.00,0.16273,0.33679,-99.24,0.083478,-99.24,-8.5360
ILC1-1/8,-0.6262,260.11,0.16343,0.33820,-99.28,0.083827,-99.28,-8.6076
ILC1-1/8,-0.6300,261.23,0.16414,0.33961,-99.32,0.084179,-99.32,-8.6800
ILC1-1/8,-0.6338,262.36,0.16485,0.34105,-99.36,0.084534,-99.36,-8.7533
ILC1-1/8,-0.6375,263.50,0.16556,0.34249,-99.40,0.084891,-99.40,-8.8275
ILC1-1/8,-0.6412,264.66,0.16629,0.34395,-99.44,0.085252,-99.44,-8.9027
ILC1-1/8,-0.6450,265.82,0.16702,0.34541,-99.48,0.085616,-99.48,-8.9789
ILC1-1/8,-0.6488,266.99,0.16775,0.34689,-99.52,0.085983,-99.52,-9.0560
ILC1-1/8,-0.6525,268.17,0.16850,0.34839,-99.56,0.086353,-99.56,-9.1341
ILC1-1/8,-0.6562,269.36,0.16924,0.34989,-99.61,0.086726,-99.61,-9.2132
ILC1-1/8,-0.6600,270.56,0.17000,0.35141,-99.65,0.087102,-99.65,-9.2933
ILC1-1/8,-0.6637,271.78,0.17076,0.35294,-99.69,0.087482,-99.69,-9.3745
ILC1-1/8,-0.6675,273.00,0.17153,0.35448,-99.73,0.087865,-99.73,-9.4567
ILC1-1/8,-0.6713,274.24,0.17231,0.35604,-99.78,0.088251,-99.78,-9.5400
ILC1-1/8,-0.6750,275.48,0.17309,0.35761,-99.82,0.088640,-99.82,-9.6244
ILC1-1/8,-0.6787,276.74,0.17388,0.35920,-99.86,0.089033,-99.86,-9.7099
ILC1-1/8,-0.6825,278.01,0.17468,0.36080,-99.91,0.089429,-99.91,-9.7966
ILC1-1/8,-0.6863,279.29,0.17548,0.36241,-99.95,0.089829,-99.95,-9.8843
ILC1-1/8,-0.6900,280.58,0.17630,0.36404,-100.00,0.090233,-100.00,-9.9733
ILC1-1/8,-0.6937,281.89,0.17712,0.36568,-100.04,0.090640,-100.04,-10.0635
ILC1-1/8,-0.6975,283.21,0.17794,0.36734,-100.09,0.091050,-100.09,-10.1549
ILC1-1/8,-0.7013,284.54,0.17878,0.36901,-100.14,0.091464,-100.14,-10.2475
ILC1-1/8,-0.7050,285.88,0.17962,0.37069,-100.18,0.091882,-100.18,-10.3413
ILC1-1/8,-0.7087,287.23,0.18047,0.37240,-100.23,0.092304,-100.23,-10.4365
ILC1-1/8,-0.7125,288.60,0.18133,0.37411,-100.28,0.092730,-100.28,-10.5330
ILC1-1/8,-0.7163,289.98,0.18220,0.37585,-100.33,0.093159,-100.33,-10.6307
ILC1-1/8,-0.7200,291.38,0.18308,0.37759,-100.37,0.093593,-100.37,-10.7299
ILC1-1/8,-0.7238,292.78,0.18396,0.37936,-100.42,0.094030,-100.42,-10.8304
ILC1-1/8,-0.7275,294.20,0.18485,0.38114,-100.47,0.094471,-100.47,-10.9323
ILC1-1/8,-0.7312,295.64,0.18576,0.38294,-100.52,0.094917,-100.52,-11.0357
ILC1-1/8,-0.7350,297.09,0.18667,0.38475,-100.57,0.095366,-100.57,-11.1405
ILC1-1/8,-0.7388,298.55,0.18759,0.38658,-100.62,0.095820,-100.62,-11.2468
ILC1-1/8,-0.7425,300.03,0.18851,0.38843,-100.68,0.096278,-100.68,-11.3546
ILC1-1/8,-0.7462,301.52,0.18945,0.39030,-100.73,0.096741,-100.73,-11.4639
ILC1-1/8,-0.7500,303.03,0.19040,0.39218,-100.78,0.097208,-100.78,-11.5748
ILC1-1/8,-0.7538,304.55,0.19136,0.39408,-100.83,0.097679,-100.83,-11.6873
ILC1-1/8,-0.7575,306.09,0.19232,0.39600,-100.89,0.098155,-100.89,-11.8014
ILC1-1/8,-0.7612,307.64,0.19330,0.39794,-100.94,0.098635,-100.94,-11.9172
ILC1-1/8,-0.7650,309.21,0.19429,0.39989,-100.99,0.099120,-100.99,-12.0347
ILC1-1/8,-0.7688,310.80,0.19528,0.40187,-101.05,0.099610,-101.05,-12.1539
ILC1-1/8,-0.7725,312.40,0.19629,0.40387,-101.11,0.100104,-101.11,-12.2749
ILC1-1/8,-0.7762,314.02,0.19731,0.40588,-101.16,0.100604,-101.16,-12.3976
ILC1-1/8,-0.7800,315.66,0.19833,0.40791,-101.22,0.101108,-101.22,-12.5222
ILC1-1/8,-0.7837,317.31,0.19937,0.40997,-101.28,0.101617,-101.28,-12.6487
ILC1-1/8,-0.7875,318.98,0.20042,0.41204,-101.33,0.102131,-101.33,-12.7770
ILC1-1/8,-0.7913,320.67,0.20148,0.41414,-101.39,0.102650,-101.39,-12.9073
ILC1-1/8,-0.7950,322.37,0.20255,0.41625,-101.45,0.103175,-101.45,-13.0395
ILC1-1/8,-0.7987,324.10,0.20364,0.41839,-101.51,0.103705,-101.51,-13.1738
ILC1-1/8,-0.8025,325.84,0.20473,0.42055,-101.57,0.104240,-101.57,-13.3101
ILC1-1/8,-0.8063,327.60,0.20584,0.42273,-101.63,0.104781,-101.63,-13.4485
ILC1-1/8,-0.8100,329.38,0.20696,0.42494,-101.69,0.105327,-101.69,-13.5891
ILC1-1/8,-0.8137,331.18,0.20809,0.42716,-101.75,0.105878,-101.75,-13.7318
ILC1-1/8,-0.8175,333.00,0.20923,0.42941,-101.82,0.106436,-101.82,-13.8768
ILC1-1/8,-0.8213,334.84,0.21039,0.43168,-101.88,0.106999,-101.88,-14.0240
ILC1-1/8,-0.8250,336.70,0.21156,0.43398,-101.95,0.107568,-101.95,-14.1736
ILC1-1/8,-0.8287,338.58,0.21274,0.43630,-102.01,0.108143,-102.01,-14.3255
ILC1-1/8,-0.8325,340.48,0.21393,0.43864,-102.08,0.108724,-102.08,-14.4799
ILC1-1/8,-0.8363,342.41,0.21514,0.44101,-102.14,0.109311,-102.14,-14.6367
ILC1-1/8,-0.8400,344.35,0.21636,0.44340,-102.21,0.109905,-102.21,-14.7960
ILC1-1/8,-0.8438,346.32,0.21760,0.44582,-102.28,0.110504,-102.28,-14.9579
ILC1-1/8,-0.8475,348.31,0.21885,0.44827,-102.34,0.111111,-102.34,-15.1225
ILC1-1/8,-0.8512,350.32,0.22012,0.45074,-102.41,0.111723,-102.41,-15.2897
ILC1-1/8,-0.8550,352.36,0.22139,0.45324,-102.48,0.112342,-102.48,-15.4597
ILC1-1/8,-0.8588,354.42,0.22269,0.45577,-102.55,0.112968,-102.55,-15.6325
ILC1-1/8,-0.8625,356.51,0.22400,0.45832,-102.63,0.113601,-102.63,-15.8081
ILC1-1/8,-0.8662,358.62,0.22532,0.46090,-102.70,0.114241,-102.70,-15.9867
ILC1-1/8,-0.8700,360.75,0.22667,0.46351,-102.77,0.114888,-102.77,-16.1682
ILC1-1/8,-0.8738,362.91,0.22802,0.46615,-102.85,0.115542,-102.85,-16.3528
ILC1-1/8,-0.8775,365.10,0.22940,0.46882,-102.92,0.116203,-102.92,-16.5406
ILC1-1/8,-0.8812,367.31,0.23079,0.47151,-103.00,0.116872,-103.00,-16.7315
ILC1-1/8,-0.8850,369.55,0.23219,0.47424,-103.07,0.117548,-103.07,-16.9257
ILC1-1/8,-0.8888,371.82,0.23362,0.47700,-103.15,0.118232,-103.15,-17.1232
ILC1-1/8,-0.8925,374.11,0.23506,0.47979,-103.23,0.118924,-103.23,-17.3242
ILC1-1/8,-0.8962,376.44,0.23652,0.48262,-103.31,0.119624,-103.31,-17.5286
ILC1-1/8,-0.9000,378.79,0.23800,0.48547,-103.39,0.120331,-103.39,-17.7366
ILC1-1/8,-0.9038,381.17,0.23950,0.48836,-103.47,0.121047,-103.47,-17.9483
ILC1-1/8,-0.9075,383.58,0.24101,0.49128,-103.55,0.121772,-103.55,-18.1637
ILC1-1/8,-0.9113,386.03,0.24255,0.49424,-103.63,0.122504,-103.63,-18.3829
ILC1-1/8,-0.9150,388.50,0.24410,0.49723,-103.72,0.123245,-103.72,-18.6060
ILC1-1/8,-0.9187,391.01,0.24568,0.50025,-103.80,0.123995,-103.80,-18.8332
ILC1-1/8,-0.9225,393.55,0.24727,0.50331,-103.89,0.124754,-103.89,-19.0644
ILC1-1/8,-0.9263,396.12,0.24889,0.50641,-103.98,0.125522,-103.98,-19.2999
ILC1-1/8,-0.9300,398.72,0.25053,0.50955,-104.06,0.126299,-104.06,-19.5396
ILC1-1/8,-0.9337,401.36,0.25218,0.51272,-104.15,0.127086,-104.15,-19.7837
ILC1-1/8,-0.9375,404.04,0.25387,0.51593,-104.24,0.127882,-104.24,-20.0324
ILC1-1/8,-0.9413,406.75,0.25557,0.51918,-104.34,0.128688,-104.34,-20.2856
ILC1-1/8,-0.9450,409.50,0.25730,0.52248,-104.43,0.129504,-104.43,-20.5436
ILC1-1/8,-0.9487,412.29,0.25905,0.52581,-104.52,0.130329,-104.52,-20.8064
ILC1-1/8,-0.9525,415.11,0.26082,0.52918,-104.62,0.131165,-104.62,-21.0742
ILC1-1/8,-0.9563,417.97,0.26262,0.53259,-104.71,0.132012,-104.71,-21.3471
ILC1-1/8,-0.9600,420.88,0.26444,0.53605,-104.81,0.132869,-104.81,-21.6251
ILC1-1/8,-0.9637,423.82,0.26629,0.53955,-104.91,0.133737,-104.91,-21.9085
ILC1-1/8,-0.9675,426.80,0.26817,0.54310,-105.01,0.134615,-105.01,-22.1974
ILC1-1/8,-0.9712,429.83,0.27007,0.54669,-105.11,0.135506,-105.11,-22.4919
ILC1-1/8,-0.9750,432.90,0.27200,0.55033,-105.22,0.136407,-105.22,-22.7922
ILC1-1/8,-0.9788,436.01,0.27396,0.55401,-105.32,0.137320,-105.32,-23.0983
ILC1-1/8,-0.9825,439.17,0.27594,0.55774,-105.43,0.138245,-105.43,-23.4105
ILC1-1/8,-0.9862,442.38,0.27796,0.56152,-105.53,0.139182,-105.53,-23.7289
ILC1-1/8,-0.9900,445.63,0.28000,0.56535,-105.64,0.140131,-105.64,-24.0537
ILC1-1/8,-0.9938,448.93,0.28207,0.56923,-105.75,0.141093,-105.75,-24.3850
ILC1-1/8,-0.9975,452.28,0.28418,0.57316,-105.86,0.142067,-105.86,-24.7230
ILC1-1/8,-1.0012,455.68,0.28632,0.57715,-105.98,0.143055,-105.98,-25.0679
ILC1-1/8,-1.0050,459.14,0.28848,0.58119,-106.09,0.144056,-106.09,-25.4199
ILC1-1/8,-1.0088,462.64,0.29069,0.58528,-106.21,0.145070,-106.21,-25.7791
ILC1-1/8,-1.0125,466.20,0.29292,0.58943,-106.33,0.146098,-106.33,-26.1458
ILC1-1/8,-1.0163,469.81,0.29519,0.59363,-106.45,0.147140,-106.45,-26.5201
ILC1-1/8,-1.0200,473.48,0.29750,0.59789,-106.57,0.148197,-106.57,-26.9023
ILC1-1/8,-1.0237,477.21,0.29984,0.60221,-106.69,0.149268,-106.69,-27.2925
ILC1-1/8,-1.0275,481.00,0.30222,0.60659,-106.82,0.150353,-106.82,-27.6910
ILC1-1/8,-1.0312,484.85,0.30464,0.61104,-106.94,0.151454,-106.94,-28.0981
ILC1-1/8,-1.0350,488.76,0.30710,0.61554,-107.07,0.152571,-107.07,-28.5139
ILC1-1/8,-1.0388,492.73,0.30959,0.62011,-107.20,0.153703,-107.20,-28.9387
ILC1-1/8,-1.0425,496.77,0.31213,0.62474,-107.33,0.154852,-107.33,-29.3728
ILC1-1/8,-1.0462,500.88,0.31471,0.62944,-107.47,0.156017,-107.47,-29.8163
ILC1-1/8,-1.0500,505.05,0.31733,0.63421,-107.61,0.157198,-107.61,-30.2697
ILC1-1/8,-1.0537,509.29,0.32000,0.63904,-107.74,0.158397,-107.74,-30.7331
ILC1-1/8,-1.0575,513.61,0.32271,0.64395,-107.89,0.159613,-107.89,-31.2069
ILC1-1/8,-1.0613,518.00,0.32547,0.64893,-108.03,0.160847,-108.03,-31.6913
ILC1-1/8,-1.0650,522.47,0.32828,0.65398,-108.17,0.162100,-108.17,-32.1867
ILC1-1/8,-1.0688,527.01,0.33113,0.65911,-108.32,0.163370,-108.32,-32.6933
ILC1-1/8,-1.0725,531.63,0.33403,0.66431,-108.47,0.164660,-108.47,-33.2116
ILC1-1/8,-1.0762,536.34,0.33699,0.66959,-108.62,0.165969,-108.62,-33.7418
ILC1-1/8,-1.0800,541.13,0.34000,0.67496,-108.78,0.167298,-108.78,-34.2843
ILC1-1/8,-1.0837,546.00,0.34306,0.68040,-108.94,0.168647,-108.94,-34.8395
ILC1-1/8,-1.0875,550.96,0.34618,0.68593,-109.09,0.170017,-109.09,-35.4077
ILC1-1/8,-1.0913,556.02,0.34936,0.69154,-109.26,0.171408,-109.26,-35.9894
ILC1-1/8,-1.0950,561.17,0.35259,0.69723,-109.42,0.172820,-109.42,-36.5849
ILC1-1/8,-1.0987,566.41,0.35589,0.70302,-109.59,0.174255,-109.59,-37.1947
ILC1-1/8,-1.1025,571.76,0.35924,0.70890,-109.76,0.175711,-109.76,-37.8192
ILC1-1/8,-1.1062,577.20,0.36267,0.71487,-109.93,0.177191,-109.93,-38.4588
ILC1-1/8,-1.1100,582.75,0.36615,0.72093,-110.11,0.178694,-110.11,-39.1141
ILC1-1/8,-1.1138,588.41,0.36971,0.72709,-110.29,0.180221,-110.29,-39.7855
ILC1-1/8,-1.1175,594.18,0.37333,0.73335,-110.47,0.181773,-110.47,-40.4736
ILC1-1/8,-1.1213,600.06,0.37703,0.73972,-110.66,0.183350,-110.66,-41.1788
ILC1-1/8,-1.1250,606.06,0.38080,0.74618,-110.85,0.184952,-110.85,-41.9016
ILC1-1/8,-1.1287,612.18,0.38465,0.75275,-111.04,0.186581,-111.04,-42.6428
ILC1-1/8,-1.1325,618.43,0.38857,0.75943,-111.23,0.188236,-111.23,-43.4027
ILC1-1/8,-1.1362,624.80,0.39258,0.76622,-111.43,0.189918,-111.43,-44.1821
ILC1-1/8,-1.1400,631.31,0.39667,0.77312,-111.64,0.191629,-111.64,-44.9816
ILC1-1/8,-1.1438,637.96,0.40084,0.78013,-111.84,0.193368,-111.84,-45.8018
ILC1-1/8,-1.1475,644.75,0.40511,0.78727,-112.05,0.195136,-112.05,-46.6433
ILC1-1/8,-1.1513,651.68,0.40946,0.79452,-112.27,0.196935,-112.27,-47.5070
ILC1-1/8,-1.1550,658.76,0.41391,0.80190,-112.49,0.198764,-112.49,-48.3935
ILC1-1/8,-1.1587,666.00,0.41846,0.80941,-112.71,0.200624,-112.71,-49.3036
ILC1-1/8,-1.1625,673.40,0.42311,0.81704,-112.93,0.202516,-112.93,-50.2380
ILC1-1/8,-1.1663,680.97,0.42786,0.82481,-113.16,0.204441,-113.16,-51.1976
ILC1-1/8,-1.1700,688.71,0.43273,0.83271,-113.40,0.206400,-113.40,-52.1833
ILC1-1/8,-1.1738,696.62,0.43770,0.84075,-113.64,0.208393,-113.64,-53.1958
ILC1-1/8,-1.1775,704.72,0.44279,0.84893,-113.88,0.210420,-113.88,-54.2361
ILC1-1/8,-1.1812,713.01,0.44800,0.85726,-114.13,0.212484,-114.13,-55.3052
ILC1-1/8,-1.1850,721.50,0.45333,0.86573,-114.39,0.214585,-114.39,-56.4040
ILC1-1/8,-1.1887,730.19,0.45879,0.87436,-114.65,0.216723,-114.65,-57.5336
ILC1-1/8,-1.1925,739.10,0.46439,0.88314,-114.91,0.218899,-114.91,-58.6949
ILC1-1/8,-1.1963,748.22,0.47012,0.89208,-115.18,0.221115,-115.18,-59.8892
ILC1-1/8,-1.2000,757.58,0.47600,0.90118,-115.45,0.223371,-115.45,-61.1175
ILC1-1/8,-1.2038,767.17,0.48202,0.91045,-115.74,0.225668,-115.74,-62.3810
ILC1-1/8,-1.2075,777.00,0.48820,0.91988,-116.02,0.228007,-116.02,-63.6809
ILC1-1/8,-1.2112,787.09,0.49454,0.92949,-116.31,0.230389,-116.31,-65.0186
ILC1-1/8,-1.2150,797.45,0.50105,0.93928,-116.61,0.232816,-116.61,-66.3952
ILC1-1/8,-1.2188,808.08,0.50773,0.94925,-116.92,0.235287,-116.92,-67.8122
ILC1-1/8,-1.2225,819.00,0.51459,0.95941,-117.23,0.237804,-117.23,-69.2711
ILC1-1/8,-1.2263,830.22,0.52164,0.96976,-117.55,0.240369,-117.55,-70.7732
ILC1-1/8,-1.2300,841.75,0.52889,0.98030,-117.87,0.242981,-117.87,-72.3201
ILC1-1/8,-1.2337,853.61,0.53634,0.99104,-118.21,0.245643,-118.21,-73.9133
ILC1-1/8,-1.2375,865.80,0.54400,1.00198,-118.55,0.248356,-118.55,-75.5545
ILC1-1/8,-1.2412,878.35,0.55188,1.01313,-118.89,0.251119,-118.89,-77.2454
ILC1-1/8,-1.2450,891.27,0.56000,1.02449,-119.25,0.253935,-119.25,-78.9876
ILC1-1/8,-1.2488,904.57,0.56836,1.03607,-119.61,0.256805,-119.61,-80.7831
ILC1-1/8,-1.2525,918.27,0.57697,1.04787,-119.98,0.259730,-119.98,-82.6336
ILC1-1/8,-1.2563,932.40,0.58584,1.05989,-120.36,0.262711,-120.36,-84.5410
ILC1-1/8,-1.2600,946.97,0.59500,1.07215,-120.75,0.265748,-120.75,-86.5074
ILC1-1/8,-1.2637,962.00,0.60444,1.08464,-121.15,0.268844,-121.15,-88.5348
ILC1-1/8,-1.2675,977.52,0.61419,1.09737,-121.56,0.272000,-121.56,-90.6252
ILC1-1/8,-1.2712,993.54,0.62426,1.11034,-121.97,0.275215,-121.97,-92.7808
ILC1-1/8,-1.2750,1010.10,0.63467,1.12357,-122.40,0.278493,-122.40,-95.0039
ILC1-1/8,-1.2788,1027.22,0.64542,1.13704,-122.84,0.281833,-122.84,-97.2966
ILC1-1/8,-1.2825,1044.93,0.65655,1.15078,-123.29,0.285238,-123.29,-99.6612
ILC1-1/8,-1.2862,1063.26,0.66807,1.16477,-123.75,0.288707,-123.75,-102.1002
ILC1-1/8,-1.2900,1082.25,0.68000,1.17904,-124.22,0.292242,-124.22,-104.6159
ILC1-1/8,-1.2937,1101.93,0.69236,1.19357,-124.70,0.295844,-124.70,-107.2108
ILC1-1/8,-1.2975,1122.33,0.70518,1.20838,-125.19,0.299514,-125.19,-109.8874
ILC1-1/8,-1.3013,1143.51,0.71849,1.22346,-125.70,0.303253,-125.70,-112.6481
ILC1-1/8,-1.3050,1165.50,0.73231,1.23883,-126.22,0.307062,-126.22,-115.4954
ILC1-1/8,-1.3088,1188.35,0.74666,1.25448,-126.75,0.310941,-126.75,-118.4319
ILC1-1/8,-1.3125,1212.12,0.76160,1.27041,-127.29,0.314891,-127.29,-121.4601
ILC1-1/8,-1.3162,1236.86,0.77714,1.28664,-127.85,0.318913,-127.85,-124.5825
ILC1-1/8,-1.3200,1262.63,0.79333,1.30315,-128.43,0.323007,-128.43,-127.8015
ILC1-1/8,-1.3237,1289.49,0.81021,1.31996,-129.01,0.327173,-129.01,-131.1196
ILC1-1/8,-1.3275,1317.52,0.82782,1.33706,-129.62,0.331412,-129.62,-134.5391
ILC1-1/8,-1.3313,1346.80,0.84622,1.35446,-130.24,0.335723,-130.24,-138.0622
ILC1-1/8,-1.3350,1377.41,0.86545,1.37214,-130.87,0.340106,-130.87,-141.6910
ILC1-1/8,-1.3388,1409.44,0.88558,1.39012,-131.53,0.344562,-131.53,-145.4275
ILC1-1/8,-1.3425,1443.00,0.90666,1.40838,-132.20,0.349088,-132.20,-149.2735
ILC1-1/8,-1.3462,1478.20,0.92878,1.42692,-132.89,0.353685,-132.89,-153.2306
ILC1-1/8,-1.3500,1515.15,0.95200,1.44575,-133.59,0.358350,-133.59,-157.2998
ILC1-1/8,-1.3538,1554.00,0.97641,1.46484,-134.32,0.363083,-134.32,-161.4824
ILC1-1/8,-1.3575,1594.90,1.00210,1.48420,-135.06,0.367882,-135.06,-165.7788
ILC1-1/8,-1.3613,1638.00,1.02919,1.50381,-135.82,0.372743,-135.82,-170.1893
ILC1-1/8,-1.3650,1683.50,1.05778,1.52367,-136.61,0.377665,-136.61,-174.7135
ILC1-1/8,-1.3687,1731.60,1.08800,1.54376,-137.41,0.382644,-137.41,-179.3506
ILC1-1/8,-1.3725,1782.53,1.12000,1.56406,-138.24,0.387677,-138.24,-184.0992
ILC1-1/8,-1.3762,1836.55,1.15394,1.58456,-139.09,0.392758,-139.09,-188.9571
ILC1-1/8,-1.3800,1893.94,1.19000,1.60524,-139.96,0.397884,-139.96,-193.9214
ILC1-1/8,-1.3838,1955.03,1.22838,1.62608,-140.85,0.403049,-140.85,-198.9885
ILC1-1/8,-1.3875,2020.20,1.26933,1.64705,-141.77,0.408246,-141.77,-204.1535
ILC1-1/8,-1.3913,2089.86,1.31310,1.66812,-142.71,0.413469,-142.71,-209.4109
ILC1-1/8,-1.3950,2164.50,1.36000,1.68927,-143.67,0.418711,-143.67,-214.7538
ILC1-1/8,-1.3987,2244.67,1.41037,1.71045,-144.66,0.423962,-144.66,-220.1742
ILC1-1/8,-1.4025,2331.00,1.46461,1.73164,-145.68,0.429214,-145.68,-225.6628
ILC1-1/8,-1.4062,2424.24,1.52320,1.75279,-146.71,0.434456,-146.71,-231.2090
ILC1-1/8,-1.4100,2525.25,1.58666,1.77386,-147.78,0.439678,-147.78,-236.8007
ILC1-1/8,-1.4138,2635.05,1.65565,1.79480,-148.87,0.444869,-148.87,-242.4243
ILC1-1/8,-1.4175,2754.82,1.73091,1.81556,-149.98,0.450014,-149.98,-248.0648
ILC1-1/8,-1.4212,2886.00,1.81333,1.83608,-151.12,0.455102,-151.12,-253.7054
ILC1-1/8,-1.4250,3030.30,1.90400,1.85632,-152.29,0.460117,-152.29,-259.3278
ILC1-1/8,-1.4287,3189.79,2.00421,1.87620,-153.48,0.465045,-153.48,-264.9122
ILC1-1/8,-1.4325,3367.00,2.11555,1.89566,-154.70,0.469869,-154.70,-270.4372
ILC1-1/8,-1.4363,3565.06,2.23999,1.91464,-155.94,0.474574,-155.94,-275.8799
ILC1-1/8,-1.4400,3787.88,2.37999,1.93307,-157.21,0.479141,-157.21,-281.2161
ILC1-1/8,-1.4438,4040.40,2.53866,1.95088,-158.50,0.483555,-158.50,-286.4205
ILC1-1/8,-1.4475,4329.00,2.71999,1.96799,-159.81,0.487796,-159.81,-291.4665
ILC1-1/8,-1.4512,4662.00,2.92922,1.98433,-161.15,0.491846,-161.15,-296.3270
ILC1-1/8,-1.4550,5050.51,3.17333,1.99983,-162.51,0.495688,-162.51,-300.9743
ILC1-1/8,-1.4587,5509.64,3.46181,2.01441,-163.89,0.499303,-163.89,-305.3805
ILC1-1/8,-1.4625,6060.61,3.80799,2.02801,-165.29,0.502674,-165.29,-309.5177
ILC1-1/8,-1.4663,6734.01,4.23110,2.04056,-166.70,0.505783,-166.70,-313.3587
ILC1-1/8,-1.4700,7575.76,4.75999,2.05198,-168.14,0.508615,-168.14,-316.8770
ILC1-1/8,-1.4737,8658.01,5.43999,2.06222,-169.58,0.511153,-169.58,-320.0478
ILC1-1/8,-1.4775,10101.01,6.34665,2.07122,-171.05,0.513384,-171.05,-322.8475
ILC1-1/8,-1.4812,12121.21,7.61598,2.07893,-172.52,0.515295,-172.52,-325.2550
ILC1-1/8,-1.4850,15151.52,9.51998,2.08530,-174.00,0.516874,-174.00,-327.2517
ILC1-1/8,-1.4888,20202.02,12.69330,2.09030,-175.50,0.518112,-175.50,-328.8217
ILC1-1/8,-1.4925,30303.03,19.03996,2.09389,-176.99,0.519002,-176.99,-329.9524
ILC1-1/8,-1.4963,60606.06,38.07991,2.09605,-178.50,0.519539,-178.50,-330.6346
ILC1-1/8,-1.5000,1000000000.00,628318.53072,2.09677,-180.00,0.519718,-180.00,-330.8626
